iso3,country,continent,region,mlb_players_season,mlb_players_alltime,population_year,population,gdp_pc_usd_year,gdp_pc_usd,opening_day_2026,wbsc_rank,wbsc_points,players_per_million,alltime_per_million,us_territory,season
USA,Estados Unidos,América,Norteamérica,1099,19162,2024,340003797,2024.0,86169.6641581917,0,3.0,4293.0,3.232316843802777,56.358194140990726,False,2026
CAN,Canadá,América,Norteamérica,24,294,2024,41262329,2024.0,55015.7066917734,19,19.0,886.0,0.5816443371386041,7.1251431299479,False,2026
MEX,México,América,Norteamérica,21,173,2024,130861007,2024.0,13988.0423745241,7,7.0,3147.0,0.16047561058428964,1.3220133633848623,False,2026
DOM,República Dominicana,América,Caribe,146,1076,2024,11427557,2024.0,10875.6618443092,93,10.0,2370.0,12.776134041597867,94.15835773122812,False,2026
PRI,Puerto Rico,América,Caribe,27,314,2024,3202521,2024.0,39353.2242360643,14,6.0,3424.0,8.430858064630957,98.0477567516341,True,2026
CUB,Cuba,América,Caribe,32,277,2024,10979783,2020.0,9605.27914559614,20,12.0,2299.0,2.9144473984595143,25.22818529291517,False,2026
CUW,Curaçao,América,Caribe,3,20,2024,155967,2024.0,22832.895498987,4,,,19.23483813883706,128.23225425891374,False,2026
ABW,Aruba,América,Caribe,3,9,2024,107995,2024.0,38590.5650288641,1,,,27.779063845548404,83.33719153664522,False,2026
BHS,Bahamas,América,Caribe,2,10,2024,401283,2024.0,39455.4466548546,1,,,4.984013775814076,24.92006887907038,False,2026
JAM,Jamaica,América,Caribe,0,4,2024,2839175,2024.0,7753.8119527678,0,,,0.0,1.4088599681245433,False,2026
VIR,Islas Vírgenes (EE.UU.),América,Caribe,0,14,2024,104377,2022.0,44320.909185774,0,,,0.0,134.1291663872309,True,2026
PAN,Panamá,América,Centroamérica,8,76,2024,4515577,2024.0,19161.218843129,4,8.0,2944.0,1.7716451297364655,16.83062873249642,False,2026
NIC,Nicaragua,América,Centroamérica,2,18,2024,6916140,2024.0,2847.87639497305,1,15.0,1421.0,0.28917864589207276,2.602607813028655,False,2026
HND,Honduras,América,Centroamérica,1,3,2024,10825703,2024.0,3415.96027916712,1,,,0.09237275399112649,0.27711826197337946,False,2026
BLZ,Belice,América,Centroamérica,0,1,2024,417072,2024.0,7681.24400583113,0,,,0.0,2.397667549008325,False,2026
VEN,Venezuela,América,Sudamérica,97,596,2024,28405543,2024.0,4244.45723136019,60,5.0,3918.0,3.4148264653838862,20.98182034400821,False,2026
COL,Colombia,América,Sudamérica,8,40,2024,52886363,2024.0,7951.08624019412,3,13.0,2044.0,0.15126772850687425,0.7563386425343713,False,2026
PER,Perú,América,Sudamérica,1,2,2024,34217848,2024.0,8526.29665719783,0,,,0.029224514645105677,0.058449029290211355,False,2026
BRA,Brasil,América,Sudamérica,0,5,2024,211998573,2024.0,10310.5486973693,0,21.0,693.0,0.0,0.023585064414560944,False,2026
JPN,Japón,Asia,Asia Oriental,14,98,2024,123975371,2024.0,33797.1014287876,14,1.0,6306.0,0.11292565520937219,0.7904795864656053,False,2026
KOR,Corea del Sur,Asia,Asia Oriental,7,36,2024,51751065,2024.0,36238.639908315,3,4.0,4258.0,0.13526291681147046,0.6956378578875623,False,2026
TWN,Taiwán,Asia,Asia Oriental,3,21,2024,23400000,2024.0,33437.0,1,2.0,5355.0,0.12820512820512822,0.8974358974358974,False,2026
CHN,China,Asia,Asia Oriental,0,2,2024,1408975000,2024.0,13293.1162269366,0,18.0,894.0,0.0,0.0014194716016962686,False,2026
PHL,Filipinas,Asia,Sudeste Asiático,0,1,2024,115843670,2024.0,3985.29464669706,0,24.0,465.0,0.0,0.008632323199014672,False,2026
IDN,Indonesia,Asia,Sudeste Asiático,0,1,2024,283487931,2024.0,4925.43644992666,0,,,0.0,0.0035274870308323637,False,2026
SGP,Singapur,Asia,Sudeste Asiático,0,1,2024,6036860,2024.0,94896.5621495988,0,,,0.0,0.1656490294623364,False,2026
VNM,Vietnam,Asia,Sudeste Asiático,0,1,2024,100987686,2024.0,4716.6599379632,0,,,0.0,0.009902197382758132,False,2026
SAU,Arabia Saudita,Asia,Medio Oriente,0,2,2024,35300280,2024.0,35527.786181866,0,,,0.0,0.0566567743938575,False,2026
AFG,Afganistán,Asia,Medio Oriente,0,1,2024,42647492,2024.0,416.871146273728,0,,,0.0,0.023448037694690227,False,2026
AUS,Australia,Oceanía,Oceanía,4,39,2024,27194286,2024.0,64609.9865116088,0,9.0,2425.0,0.1470897231867018,1.4341248010703425,False,2026
ASM,Samoa Americana,Oceanía,Oceanía,0,1,2024,46765,2022.0,18017.4589383973,0,,,0.0,21.38351331123704,True,2026
GUM,Guam,Oceanía,Oceanía,0,2,2024,167777,2022.0,41833.1517132825,0,,,0.0,11.920585062314858,True,2026
ZAF,Sudáfrica,África,África,0,2,2024,64007187,2024.0,6267.186814093,0,23.0,479.0,0.0,0.03124649111669288,False,2026
GBR,Reino Unido,Europa,Europa,1,47,2024,69281000,2024.0,53341.3131094262,0,20.0,862.0,0.01443397179601911,0.6783966744128982,False,2026
IRL,Irlanda,Europa,Europa,0,45,2024,5395790,2024.0,112894.953240805,0,,,0.0,8.339835316051959,False,2026
DEU,Alemania,Europa,Europa,2,46,2024,83516593,2024.0,56103.7323182554,0,17.0,993.0,0.023947337027984367,0.5507887516436405,False,2026
NLD,Países Bajos,Europa,Europa,0,10,2024,17993485,2024.0,67465.3208126875,0,11.0,2351.0,0.0,0.5557567086086992,False,2026
ITA,Italia,Europa,Europa,2,11,2024,58952704,2024.0,40429.6224047352,0,14.0,1713.0,0.033925500686109326,0.1865902537736013,False,2026
ESP,España,Europa,Europa,0,4,2024,48848840,2024.0,35326.7683069278,0,26.0,380.0,0.0,0.08188526073495296,False,2026
FRA,Francia,Europa,Europa,0,6,2024,68551653,2024.0,46103.0840855884,0,25.0,381.0,0.0,0.08752524173268295,False,2026
PRT,Portugal,Europa,Europa,0,1,2024,10694681,2024.0,29328.3067415343,0,,,0.0,0.09350442523718099,False,2026
AUT,Austria,Europa,Europa,0,6,2024,9177982,2024.0,58268.8787651601,0,28.0,266.0,0.0,0.6537384797660313,False,2026
BEL,Bélgica,Europa,Europa,0,1,2024,11858610,2024.0,56581.9375642531,0,29.0,235.0,0.0,0.08432691521181655,False,2026
CZE,Chequia,Europa,Europa,0,4,2024,10905028,2024.0,31827.7552539413,0,16.0,1251.0,0.0,0.3668032764335864,False,2026
SVK,Eslovaquia,Europa,Europa,1,1,2024,5422069,2024.0,25992.6748502048,0,,,0.18443144120814398,0.18443144120814398,False,2026
DNK,Dinamarca,Europa,Europa,0,1,2024,5976992,2024.0,71026.4832271897,0,,,0.0,0.16730823798994546,False,2026
FIN,Finlandia,Europa,Europa,0,1,2024,5619911,2024.0,53155.5451165897,0,,,0.0,0.17793876095190833,False,2026
GRC,Grecia,Europa,Europa,0,1,2024,10405134,2024.0,24626.1481858973,0,,,0.0,0.09610640285843507,False,2026
LVA,Letonia,Europa,Europa,0,1,2024,1866124,2024.0,23578.9663562625,0,,,0.0,0.5358700707991537,False,2026
LTU,Lituania,Europa,Europa,0,1,2024,2888278,2024.0,29603.7772588256,0,,,0.0,0.3462270598605813,False,2026
NOR,Noruega,Europa,Europa,0,3,2024,5572279,2024.0,89888.9535204758,0,,,0.0,0.5383793596838924,False,2026
POL,Polonia,Europa,Europa,0,4,2024,36559233,2024.0,25103.565661423,0,,,0.0,0.10941148573877357,False,2026
RUS,Rusia,Europa,Europa,0,9,2024,143669648,2024.0,14961.8974609375,0,,,0.0,0.06264371163490287,False,2026
SWE,Suecia,Europa,Europa,0,5,2024,10569709,2024.0,57222.7100565003,0,,,0.0,0.47304992029581894,False,2026
CHE,Suiza,Europa,Europa,0,1,2024,9005582,2024.0,107702.065940312,0,,,0.0,0.11104224024610514,False,2026
