season,players,foreign_players,foreign_excl_pr,pct_foreign,pct_foreign_excl_pr,source
1876,121,16,16,0.1322314049586777,0.1322314049586777,Lahman (SABR) 1871-2025 + MLB Stats API 2026
1877,92,8,8,0.08695652173913043,0.08695652173913043,Lahman (SABR) 1871-2025 + MLB Stats API 2026
1878,77,8,8,0.1038961038961039,0.1038961038961039,Lahman (SABR) 1871-2025 + MLB Stats API 2026
1879,119,9,9,0.07563025210084033,0.07563025210084033,Lahman (SABR) 1871-2025 + MLB Stats API 2026
1880,127,11,11,0.08661417322834646,0.08661417322834646,Lahman (SABR) 1871-2025 + MLB Stats API 2026
1881,120,11,11,0.09166666666666666,0.09166666666666666,Lahman (SABR) 1871-2025 + MLB Stats API 2026
1882,229,21,21,0.09170305676855896,0.09170305676855896,Lahman (SABR) 1871-2025 + MLB Stats API 2026
1883,258,25,25,0.09689922480620156,0.09689922480620156,Lahman (SABR) 1871-2025 + MLB Stats API 2026
1884,640,68,68,0.10625,0.10625,Lahman (SABR) 1871-2025 + MLB Stats API 2026
1885,321,33,33,0.102803738317757,0.102803738317757,Lahman (SABR) 1871-2025 + MLB Stats API 2026
1886,325,20,20,0.06153846153846154,0.06153846153846154,Lahman (SABR) 1871-2025 + MLB Stats API 2026
1887,316,23,23,0.07278481012658228,0.07278481012658228,Lahman (SABR) 1871-2025 + MLB Stats API 2026
1888,332,20,20,0.060240963855421686,0.060240963855421686,Lahman (SABR) 1871-2025 + MLB Stats API 2026
1889,322,20,20,0.062111801242236024,0.062111801242236024,Lahman (SABR) 1871-2025 + MLB Stats API 2026
1890,510,43,43,0.08431372549019608,0.08431372549019608,Lahman (SABR) 1871-2025 + MLB Stats API 2026
1891,359,24,24,0.06685236768802229,0.06685236768802229,Lahman (SABR) 1871-2025 + MLB Stats API 2026
1892,265,14,14,0.052830188679245285,0.052830188679245285,Lahman (SABR) 1871-2025 + MLB Stats API 2026
1893,260,9,9,0.03461538461538462,0.03461538461538462,Lahman (SABR) 1871-2025 + MLB Stats API 2026
1894,264,13,13,0.04924242424242424,0.04924242424242424,Lahman (SABR) 1871-2025 + MLB Stats API 2026
1895,284,8,8,0.028169014084507043,0.028169014084507043,Lahman (SABR) 1871-2025 + MLB Stats API 2026
1896,272,9,9,0.03308823529411765,0.03308823529411765,Lahman (SABR) 1871-2025 + MLB Stats API 2026
1897,263,14,14,0.053231939163498096,0.053231939163498096,Lahman (SABR) 1871-2025 + MLB Stats API 2026
1898,299,12,12,0.04013377926421405,0.04013377926421405,Lahman (SABR) 1871-2025 + MLB Stats API 2026
1899,310,11,11,0.035483870967741936,0.035483870967741936,Lahman (SABR) 1871-2025 + MLB Stats API 2026
1900,188,5,5,0.026595744680851064,0.026595744680851064,Lahman (SABR) 1871-2025 + MLB Stats API 2026
1901,371,18,18,0.04851752021563342,0.04851752021563342,Lahman (SABR) 1871-2025 + MLB Stats API 2026
1902,390,25,25,0.0641025641025641,0.0641025641025641,Lahman (SABR) 1871-2025 + MLB Stats API 2026
1903,368,17,17,0.04619565217391304,0.04619565217391304,Lahman (SABR) 1871-2025 + MLB Stats API 2026
1904,364,18,18,0.04945054945054945,0.04945054945054945,Lahman (SABR) 1871-2025 + MLB Stats API 2026
1905,390,20,20,0.05128205128205128,0.05128205128205128,Lahman (SABR) 1871-2025 + MLB Stats API 2026
1906,412,20,20,0.04854368932038835,0.04854368932038835,Lahman (SABR) 1871-2025 + MLB Stats API 2026
1907,419,17,17,0.0405727923627685,0.0405727923627685,Lahman (SABR) 1871-2025 + MLB Stats API 2026
1908,440,17,17,0.038636363636363635,0.038636363636363635,Lahman (SABR) 1871-2025 + MLB Stats API 2026
1909,504,21,21,0.041666666666666664,0.041666666666666664,Lahman (SABR) 1871-2025 + MLB Stats API 2026
1910,508,21,21,0.04133858267716536,0.04133858267716536,Lahman (SABR) 1871-2025 + MLB Stats API 2026
1911,535,22,22,0.041121495327102804,0.041121495327102804,Lahman (SABR) 1871-2025 + MLB Stats API 2026
1912,604,25,25,0.041390728476821195,0.041390728476821195,Lahman (SABR) 1871-2025 + MLB Stats API 2026
1913,582,23,23,0.03951890034364261,0.03951890034364261,Lahman (SABR) 1871-2025 + MLB Stats API 2026
1914,740,35,35,0.0472972972972973,0.0472972972972973,Lahman (SABR) 1871-2025 + MLB Stats API 2026
1915,733,26,26,0.03547066848567531,0.03547066848567531,Lahman (SABR) 1871-2025 + MLB Stats API 2026
1916,527,21,21,0.03984819734345351,0.03984819734345351,Lahman (SABR) 1871-2025 + MLB Stats API 2026
1917,490,16,16,0.0326530612244898,0.0326530612244898,Lahman (SABR) 1871-2025 + MLB Stats API 2026
1918,489,20,20,0.0408997955010225,0.0408997955010225,Lahman (SABR) 1871-2025 + MLB Stats API 2026
1919,479,14,14,0.029227557411273485,0.029227557411273485,Lahman (SABR) 1871-2025 + MLB Stats API 2026
1920,495,15,15,0.030303030303030304,0.030303030303030304,Lahman (SABR) 1871-2025 + MLB Stats API 2026
1921,492,15,15,0.03048780487804878,0.03048780487804878,Lahman (SABR) 1871-2025 + MLB Stats API 2026
1922,497,11,11,0.022132796780684104,0.022132796780684104,Lahman (SABR) 1871-2025 + MLB Stats API 2026
1923,513,7,7,0.01364522417153996,0.01364522417153996,Lahman (SABR) 1871-2025 + MLB Stats API 2026
1924,529,7,7,0.013232514177693762,0.013232514177693762,Lahman (SABR) 1871-2025 + MLB Stats API 2026
1925,526,9,9,0.017110266159695818,0.017110266159695818,Lahman (SABR) 1871-2025 + MLB Stats API 2026
1926,502,9,9,0.017928286852589643,0.017928286852589643,Lahman (SABR) 1871-2025 + MLB Stats API 2026
1927,512,8,8,0.015625,0.015625,Lahman (SABR) 1871-2025 + MLB Stats API 2026
1928,505,6,6,0.011881188118811881,0.011881188118811881,Lahman (SABR) 1871-2025 + MLB Stats API 2026
1929,510,8,8,0.01568627450980392,0.01568627450980392,Lahman (SABR) 1871-2025 + MLB Stats API 2026
1930,493,5,5,0.010141987829614604,0.010141987829614604,Lahman (SABR) 1871-2025 + MLB Stats API 2026
1931,492,8,8,0.016260162601626018,0.016260162601626018,Lahman (SABR) 1871-2025 + MLB Stats API 2026
1932,491,10,10,0.020366598778004074,0.020366598778004074,Lahman (SABR) 1871-2025 + MLB Stats API 2026
1933,460,6,6,0.013043478260869565,0.013043478260869565,Lahman (SABR) 1871-2025 + MLB Stats API 2026
1934,487,6,6,0.012320328542094456,0.012320328542094456,Lahman (SABR) 1871-2025 + MLB Stats API 2026
1935,484,7,7,0.014462809917355372,0.014462809917355372,Lahman (SABR) 1871-2025 + MLB Stats API 2026
1936,481,7,7,0.014553014553014554,0.014553014553014554,Lahman (SABR) 1871-2025 + MLB Stats API 2026
1937,498,9,9,0.018072289156626505,0.018072289156626505,Lahman (SABR) 1871-2025 + MLB Stats API 2026
1938,502,10,10,0.0199203187250996,0.0199203187250996,Lahman (SABR) 1871-2025 + MLB Stats API 2026
1939,533,9,9,0.016885553470919325,0.016885553470919325,Lahman (SABR) 1871-2025 + MLB Stats API 2026
1940,514,10,10,0.019455252918287938,0.019455252918287938,Lahman (SABR) 1871-2025 + MLB Stats API 2026
1941,546,14,14,0.02564102564102564,0.02564102564102564,Lahman (SABR) 1871-2025 + MLB Stats API 2026
1942,512,19,18,0.037109375,0.03515625,Lahman (SABR) 1871-2025 + MLB Stats API 2026
1943,519,18,16,0.03468208092485549,0.030828516377649325,Lahman (SABR) 1871-2025 + MLB Stats API 2026
1944,548,24,23,0.043795620437956206,0.041970802919708027,Lahman (SABR) 1871-2025 + MLB Stats API 2026
1945,547,27,26,0.04936014625228519,0.04753199268738574,Lahman (SABR) 1871-2025 + MLB Stats API 2026
1946,633,21,20,0.03317535545023697,0.0315955766192733,Lahman (SABR) 1871-2025 + MLB Stats API 2026
1947,544,16,15,0.029411764705882353,0.027573529411764705,Lahman (SABR) 1871-2025 + MLB Stats API 2026
1948,542,12,12,0.02214022140221402,0.02214022140221402,Lahman (SABR) 1871-2025 + MLB Stats API 2026
1949,532,21,20,0.039473684210526314,0.03759398496240601,Lahman (SABR) 1871-2025 + MLB Stats API 2026
1950,530,23,22,0.04339622641509434,0.04150943396226415,Lahman (SABR) 1871-2025 + MLB Stats API 2026
1951,543,25,23,0.04604051565377532,0.0423572744014733,Lahman (SABR) 1871-2025 + MLB Stats API 2026
1952,556,23,23,0.04136690647482014,0.04136690647482014,Lahman (SABR) 1871-2025 + MLB Stats API 2026
1953,534,20,18,0.03745318352059925,0.033707865168539325,Lahman (SABR) 1871-2025 + MLB Stats API 2026
1954,536,26,21,0.048507462686567165,0.03917910447761194,Lahman (SABR) 1871-2025 + MLB Stats API 2026
1955,599,38,32,0.06343906510851419,0.05342237061769616,Lahman (SABR) 1871-2025 + MLB Stats API 2026
1956,552,32,26,0.057971014492753624,0.04710144927536232,Lahman (SABR) 1871-2025 + MLB Stats API 2026
1957,563,35,28,0.06216696269982238,0.0497335701598579,Lahman (SABR) 1871-2025 + MLB Stats API 2026
1958,580,38,31,0.06551724137931035,0.05344827586206897,Lahman (SABR) 1871-2025 + MLB Stats API 2026
1959,571,41,32,0.07180385288966724,0.05604203152364273,Lahman (SABR) 1871-2025 + MLB Stats API 2026
1960,575,56,46,0.09739130434782609,0.08,Lahman (SABR) 1871-2025 + MLB Stats API 2026
1961,620,52,43,0.08387096774193549,0.06935483870967742,Lahman (SABR) 1871-2025 + MLB Stats API 2026
1962,702,66,54,0.09401709401709402,0.07692307692307693,Lahman (SABR) 1871-2025 + MLB Stats API 2026
1963,695,64,53,0.0920863309352518,0.07625899280575539,Lahman (SABR) 1871-2025 + MLB Stats API 2026
1964,700,71,60,0.10142857142857142,0.08571428571428572,Lahman (SABR) 1871-2025 + MLB Stats API 2026
1965,702,72,59,0.10256410256410256,0.08404558404558404,Lahman (SABR) 1871-2025 + MLB Stats API 2026
1966,714,79,68,0.11064425770308123,0.09523809523809523,Lahman (SABR) 1871-2025 + MLB Stats API 2026
1967,718,84,73,0.116991643454039,0.10167130919220056,Lahman (SABR) 1871-2025 + MLB Stats API 2026
1968,676,77,65,0.11390532544378698,0.09615384615384616,Lahman (SABR) 1871-2025 + MLB Stats API 2026
1969,849,99,80,0.1166077738515901,0.09422850412249706,Lahman (SABR) 1871-2025 + MLB Stats API 2026
1970,849,104,83,0.12249705535924617,0.0977620730270907,Lahman (SABR) 1871-2025 + MLB Stats API 2026
1971,828,89,66,0.10748792270531402,0.07971014492753623,Lahman (SABR) 1871-2025 + MLB Stats API 2026
1972,824,93,70,0.11286407766990292,0.08495145631067962,Lahman (SABR) 1871-2025 + MLB Stats API 2026
1973,821,94,67,0.11449451887941535,0.08160779537149818,Lahman (SABR) 1871-2025 + MLB Stats API 2026
1974,861,98,69,0.11382113821138211,0.08013937282229965,Lahman (SABR) 1871-2025 + MLB Stats API 2026
1975,844,89,65,0.10545023696682465,0.07701421800947868,Lahman (SABR) 1871-2025 + MLB Stats API 2026
1976,818,98,72,0.1198044009779951,0.08801955990220049,Lahman (SABR) 1871-2025 + MLB Stats API 2026
1977,900,105,75,0.11666666666666667,0.08333333333333333,Lahman (SABR) 1871-2025 + MLB Stats API 2026
1978,904,100,80,0.11061946902654868,0.08849557522123894,Lahman (SABR) 1871-2025 + MLB Stats API 2026
1979,899,96,72,0.1067853170189099,0.08008898776418243,Lahman (SABR) 1871-2025 + MLB Stats API 2026
1980,916,106,79,0.11572052401746726,0.08624454148471616,Lahman (SABR) 1871-2025 + MLB Stats API 2026
1981,907,99,72,0.10915104740904079,0.07938257993384785,Lahman (SABR) 1871-2025 + MLB Stats API 2026
1982,932,107,78,0.1148068669527897,0.08369098712446352,Lahman (SABR) 1871-2025 + MLB Stats API 2026
1983,953,110,80,0.11542497376705142,0.08394543546694648,Lahman (SABR) 1871-2025 + MLB Stats API 2026
1984,935,107,79,0.1144385026737968,0.08449197860962566,Lahman (SABR) 1871-2025 + MLB Stats API 2026
1985,943,110,82,0.11664899257688228,0.08695652173913043,Lahman (SABR) 1871-2025 + MLB Stats API 2026
1986,953,110,78,0.11542497376705142,0.08184679958027283,Lahman (SABR) 1871-2025 + MLB Stats API 2026
1987,975,123,90,0.12615384615384614,0.09230769230769231,Lahman (SABR) 1871-2025 + MLB Stats API 2026
1988,973,138,107,0.14182939362795477,0.10996916752312436,Lahman (SABR) 1871-2025 + MLB Stats API 2026
1989,988,128,99,0.12955465587044535,0.10020242914979757,Lahman (SABR) 1871-2025 + MLB Stats API 2026
1990,1030,141,107,0.13689320388349516,0.10388349514563107,Lahman (SABR) 1871-2025 + MLB Stats API 2026
1991,1034,157,117,0.1518375241779497,0.11315280464216634,Lahman (SABR) 1871-2025 + MLB Stats API 2026
1992,1007,152,110,0.1509433962264151,0.10923535253227408,Lahman (SABR) 1871-2025 + MLB Stats API 2026
1993,1104,179,133,0.1621376811594203,0.12047101449275362,Lahman (SABR) 1871-2025 + MLB Stats API 2026
1994,991,164,125,0.16548940464177597,0.12613521695257315,Lahman (SABR) 1871-2025 + MLB Stats API 2026
1995,1133,200,161,0.176522506619594,0.14210061782877317,Lahman (SABR) 1871-2025 + MLB Stats API 2026
1996,1141,217,176,0.1901840490797546,0.15425065731814197,Lahman (SABR) 1871-2025 + MLB Stats API 2026
1997,1123,248,207,0.22083704363312556,0.18432769367764915,Lahman (SABR) 1871-2025 + MLB Stats API 2026
1998,1186,257,210,0.2166947723440135,0.17706576728499157,Lahman (SABR) 1871-2025 + MLB Stats API 2026
1999,1209,278,236,0.22994210090984285,0.19520264681555005,Lahman (SABR) 1871-2025 + MLB Stats API 2026
2000,1230,294,247,0.23902439024390243,0.2008130081300813,Lahman (SABR) 1871-2025 + MLB Stats API 2026
2001,1220,308,255,0.25245901639344265,0.20901639344262296,Lahman (SABR) 1871-2025 + MLB Stats API 2026
2002,1218,316,265,0.2594417077175698,0.2175697865353038,Lahman (SABR) 1871-2025 + MLB Stats API 2026
2003,1230,322,275,0.26178861788617885,0.22357723577235772,Lahman (SABR) 1871-2025 + MLB Stats API 2026
2004,1247,341,293,0.2734562951082598,0.23496391339214115,Lahman (SABR) 1871-2025 + MLB Stats API 2026
2005,1237,346,301,0.27970897332255457,0.2433306386418755,Lahman (SABR) 1871-2025 + MLB Stats API 2026
2006,1242,350,308,0.28180354267310787,0.24798711755233493,Lahman (SABR) 1871-2025 + MLB Stats API 2026
2007,1278,348,307,0.27230046948356806,0.24021909233176839,Lahman (SABR) 1871-2025 + MLB Stats API 2026
2008,1291,354,317,0.27420604182804026,0.24554608830364058,Lahman (SABR) 1871-2025 + MLB Stats API 2026
2009,1266,358,323,0.28278041074249605,0.2551342812006319,Lahman (SABR) 1871-2025 + MLB Stats API 2026
2010,1249,336,307,0.2690152121697358,0.24579663730984788,Lahman (SABR) 1871-2025 + MLB Stats API 2026
2011,1295,351,323,0.27104247104247103,0.2494208494208494,Lahman (SABR) 1871-2025 + MLB Stats API 2026
2012,1284,348,331,0.27102803738317754,0.25778816199376947,Lahman (SABR) 1871-2025 + MLB Stats API 2026
2013,1304,361,341,0.276840490797546,0.26150306748466257,Lahman (SABR) 1871-2025 + MLB Stats API 2026
2014,1320,362,340,0.27424242424242423,0.25757575757575757,Lahman (SABR) 1871-2025 + MLB Stats API 2026
2015,1348,371,345,0.27522255192878337,0.2559347181008902,Lahman (SABR) 1871-2025 + MLB Stats API 2026
2016,1353,379,353,0.2801182557280118,0.2609016999260902,Lahman (SABR) 1871-2025 + MLB Stats API 2026
2017,1358,400,372,0.29455081001472755,0.27393225331369664,Lahman (SABR) 1871-2025 + MLB Stats API 2026
2018,1379,391,367,0.28353879622915157,0.2661348803480783,Lahman (SABR) 1871-2025 + MLB Stats API 2026
2019,1410,396,368,0.28085106382978725,0.26099290780141843,Lahman (SABR) 1871-2025 + MLB Stats API 2026
2020,1289,369,342,0.28626842513576417,0.26532195500387895,Lahman (SABR) 1871-2025 + MLB Stats API 2026
2021,1508,416,386,0.27586206896551724,0.25596816976127323,Lahman (SABR) 1871-2025 + MLB Stats API 2026
2022,1495,435,407,0.2909698996655518,0.27224080267558526,Lahman (SABR) 1871-2025 + MLB Stats API 2026
2023,1457,398,369,0.2731640356897735,0.25326012354152366,Lahman (SABR) 1871-2025 + MLB Stats API 2026
2024,1454,381,354,0.2620357634112792,0.24346629986244842,Lahman (SABR) 1871-2025 + MLB Stats API 2026
2025,1465,388,361,0.26484641638225254,0.24641638225255974,Lahman (SABR) 1871-2025 + MLB Stats API 2026
2026,1508,409,382,0.27122015915119363,0.253315649867374,Lahman (SABR) 1871-2025 + MLB Stats API 2026
