season,playerID,nameFirst,nameLast,team_abbr,iso3,salary_usd
2016,abadfe01,Fernando,Abad,MIN,DOM,1250000
2016,abreujo02,Jose,Abreu,CHA,CUB,11666667
2016,ackledu01,Dustin,Ackley,NYA,USA,3200000
2016,adamecr01,Cristhian,Adames,COL,DOM,509500
2016,adamsma01,Matt,Adams,SLN,USA,1650000
2016,adriaeh01,Ehire,Adrianza,SFN,VEN,512500
2016,ahmedni01,Nick,Ahmed,ARI,USA,521600
2016,alberha01,Hanser,Alberto,TEX,DOM,511500
2016,alberma01,Matt,Albers,CHA,USA,2000000
2016,allenco01,Cody,Allen,CLE,USA,4150000
2016,alonsyo01,Yonder,Alonso,OAK,CUB,2650000
2016,altheaa01,Aaron,Altherr,PHI,DEU,515500
2016,altuvjo01,Jose,Altuve,HOU,VEN,3687500
2016,alvarhe01,Henderson,Alvarez,OAK,VEN,4250000
2016,alvarjo02,Jose,Alvarez,LAA,VEN,507500
2016,alvarpe01,Pedro,Alvarez,BAL,DOM,5731704
2016,alvarrj01,R. J.,Alvarez,OAK,USA,510000
2016,anderbr04,Brett,Anderson,LAN,USA,15800000
2016,anderch01,Chase,Anderson,MIL,USA,520200
2016,anderco01,Cody,Anderson,CLE,USA,511400
2016,anderty01,Tyler,Anderson,COL,USA,509500
2016,andruel01,Elvis,Andrus,TEX,VEN,15333333
2016,aokino01,Nori,Aoki,SEA,JPN,5500000
2016,archech01,Chris,Archer,TBA,USA,2916667
2016,arciaos01,Oswaldo,Arcia,MIN,VEN,535000
2016,arenano01,Nolan,Arenado,COL,USA,5000000
2016,arrieja01,Jake,Arrieta,CHN,USA,10700000
2016,ascheco01,Cody,Asche,PHI,USA,530000
2016,avilaal01,Alex,Avila,CHA,USA,2500000
2016,avilemi01,Mike,Aviles,DET,USA,2000000
2016,axforjo01,John,Axford,OAK,CAN,4500000
2016,aybarer01,Erick,Aybar,ATL,DOM,8500000
2016,baezja01,Javier,Baez,CHN,PRI,512000
2016,baezpe01,Pedro,Baez,LAN,DOM,520000
2016,baileho02,Homer,Bailey,CIN,USA,18000000
2016,banuema01,Manny,Banuelos,ATL,MEX,507500
2016,barbajo01,Johnny,Barbato,NYA,USA,507500
2016,barneau01,Austin,Barnes,LAN,USA,512500
2016,barnebr02,Brandon,Barnes,COL,USA,1000000
2016,barneda01,Darwin,Barney,TOR,USA,1050000
2016,barnema01,Matt,Barnes,BOS,USA,511000
2016,barneto01,Tony,Barnette,TEX,USA,1500000
2016,barnhtu01,Tucker,Barnhart,CIN,USA,517500
2016,barreaa01,Aaron,Barrett,WAS,USA,519400
2016,barreja01,Jake,Barrett,ARI,USA,507500
2016,barriyh01,Yhonathan,Barrios,MIL,COL,509200
2016,bassich01,Chris,Bassitt,OAK,USA,510000
2016,bastaan01,Antonio,Bastardo,NYN,DOM,5375000
2016,bauertr01,Trevor,Bauer,CLE,USA,1697500
2016,baumabu01,Buddy,Baumann,SDN,USA,520000
2016,bautijo02,Jose,Bautista,TOR,DOM,14000000
2016,beckhgo01,Gordon,Beckham,ATL,USA,1250000
2016,beckhti01,Tim,Beckham,TBA,USA,514500
2016,bedroca01,Cam,Bedrosian,LAA,USA,510500
2016,beeleda01,Dallas,Beeler,CHN,USA,508500
2016,belisma01,Matt,Belisle,WAS,USA,1250000
2016,beltbr01,Brandon,Belt,SFN,USA,6200000
2016,beltrad01,Adrian,Beltre,TEX,DOM,18000000
2016,beltrca01,Carlos,Beltran,NYA,PRI,15000000
2016,benoijo01,Joaquin,Benoit,SEA,DOM,7500000
2016,bergmch01,Christian,Bergman,COL,USA,512500
2016,betande01,Dellin,Betances,NYA,USA,507500
2016,bethach01,Christian,Bethancourt,SDN,PAN,511200
2016,bettich01,Chad,Bettis,COL,USA,512500
2016,bettsmo01,Mookie,Betts,BOS,USA,566000
2016,biagijo01,Joe,Biagini,TOR,USA,507500
2016,birdgr01,Greg,Bird,NYA,USA,525300
2016,blackch02,Charlie,Blackmon,COL,USA,3500000
2016,blancan01,Andres,Blanco,PHI,VEN,1450000
2016,blancgr01,Gregor,Blanco,SFN,VEN,3900000
2016,blantjo01,Joe,Blanton,LAN,USA,4000000
2016,blashja01,Jabari,Blash,SDN,VIR,507500
2016,blazemi01,Michael,Blazek,MIL,USA,514200
2016,blevije01,Jerry,Blevins,NYN,USA,4000000
2016,bogaexa01,Xander,Bogaerts,BOS,ABW,650000
2016,bolsimi01,Mike,Bolsinger,LAN,USA,515000
2016,bourjpe01,Peter,Bourjos,PHI,USA,2000000
2016,bourju01,Justin,Bour,MIA,USA,537500
2016,bowmama01,Matthew,Bowman,SLN,USA,507500
2016,boxbebr01,Brad,Boxberger,TBA,USA,519200
2016,boyerbl01,Blaine,Boyer,MIL,USA,950000
2016,brachbr01,Brad,Brach,BAL,USA,1250000
2016,brachsi01,Silvino,Bracho,ARI,VEN,509300
2016,bradlja02,Jackie,Bradley,BOS,USA,546500
2016,brantmi02,Michael,Brantley,CLE,USA,7375000
2016,braunry02,Ryan,Braun,MIL,USA,19315013
2016,breslcr01,Craig,Breslow,MIA,USA,1500000
2016,britoso01,Socrates,Brito,ARI,DOM,508500
2016,brittza01,Zack,Britton,BAL,USA,6750000
2016,brookaa01,Aaron,Brooks,CHN,USA,510000
2016,browntr01,Trevor,Brown,SFN,USA,508500
2016,broxtjo01,Jonathan,Broxton,SLN,USA,3750000
2016,broxtke01,Keon,Broxton,MIL,USA,508500
2016,bruceja01,Jay,Bruce,CIN,USA,12541666
2016,bryankr01,Kris,Bryant,CHN,USA,652000
2016,buchhcl01,Clay,Buchholz,BOS,USA,13000000
2016,buchtry01,Ryan,Buchter,SDN,USA,520000
2016,bumgama01,Madison,Bumgarner,SFN,USA,9916667
2016,bundydy01,Dylan,Bundy,BAL,USA,1800000
2016,burnsbi02,Billy,Burns,OAK,USA,512500
2016,burriem01,Emmanuel,Burriss,PHI,USA,925000
2016,buterdr01,Drew,Butera,KCA,USA,1162500
2016,butlebi03,Billy,Butler,OAK,USA,11666667
2016,buxtoby01,Byron,Buxton,MIN,USA,512500
2016,byrdma01,Marlon,Byrd,CLE,USA,1000000
2016,cabreas01,Asdrubal,Cabrera,NYN,VEN,8250000
2016,cabreme01,Melky,Cabrera,CHA,DOM,14000000
2016,cabremi01,Miguel,Cabrera,DET,VEN,28000000
2016,cahiltr01,Trevor,Cahill,CHN,USA,4250000
2016,cainlo01,Lorenzo,Cain,KCA,USA,6500000
2016,cainma01,Matt,Cain,SFN,USA,20833333
2016,calhoko01,Kole,Calhoun,LAA,USA,3400000
2016,caminar01,Arquimedes,Caminero,PIT,DOM,532500
2016,campber01,Eric,Campbell,NYN,USA,513308
2016,canhama01,Mark,Canha,OAK,USA,512500
2016,canoro01,Robinson,Cano,SEA,DOM,24000000
2016,cappsca01,Carter,Capps,MIA,USA,987500
2016,capuach01,Chris,Capuano,MIL,USA,1500000
2016,carpema01,Matt,Carpenter,SLN,USA,6500000
2016,carraca01,Carlos,Carrasco,CLE,VEN,4500000
2016,carreez01,Ezequiel,Carrera,TOR,VEN,521800
2016,cartech02,Chris,Carter,MIL,USA,2500000
2016,casalcu01,Curt,Casali,TBA,USA,513600
2016,cashnan01,Andrew,Cashner,SDN,USA,7150000
2016,casteni01,Nick,Castellanos,DET,USA,536500
2016,castiru01,Rusney,Castillo,BOS,CUB,11400000
2016,castiwe01,Welington,Castillo,ARI,DOM,3700000
2016,castrja01,Jason,Castro,HOU,USA,5000000
2016,castrmi01,Miguel,Castro,COL,DOM,509500
2016,castrst01,Starlin,Castro,NYA,DOM,7857142
2016,cecilbr01,Brett,Cecil,TOR,USA,3800000
2016,cedenxa01,Xavier,Cedeno,TBA,PRI,524100
2016,cervefr01,Francisco,Cervelli,PIT,VEN,3500000
2016,cespeyo01,Yoenis,Cespedes,NYN,CUB,27328046
2016,cessalu01,Luis,Cessa,NYA,MEX,507500
2016,chafian01,Andrew,Chafin,ARI,USA,519700
2016,chapmar01,Aroldis,Chapman,NYA,CUB,9468443
2016,chatwty01,Tyler,Chatwood,COL,USA,1000000
2016,chaveje01,Jesse,Chavez,TOR,USA,4000000
2016,chenwe02,Wei-Yin,Chen,MIA,TWN,12500000
2016,chiriro01,Robinson,Chirinos,TEX,VEN,1550000
2016,chiselo01,Lonnie,Chisenhall,CLE,USA,2725000
2016,choiji01,Ji-Man,Choi,LAA,KOR,650000
2016,choosh01,Shin-Soo,Choo,TEX,KOR,20000000
2016,cingrto01,Tony,Cingrani,CIN,USA,530000
2016,cishest01,Steve,Cishek,SEA,USA,4000000
2016,clevest01,Steve,Clevenger,SEA,USA,516500
2016,clippty01,Tyler,Clippard,ARI,USA,6100000
2016,cobbal01,Alex,Cobb,TBA,USA,4000000
2016,coghlch01,Chris,Coghlan,OAK,USA,4800000
2016,colabch01,Chris,Colabello,TOR,USA,521300
2016,colege01,Gerrit,Cole,PIT,USA,548000
2016,colemlo01,Louis,Coleman,LAN,USA,725000
2016,colliti01,Tim,Collins,KCA,USA,1475000
2016,collity01,Tyler,Collins,DET,USA,510500
2016,colomal01,Alex,Colome,TBA,DOM,521700
2016,colonba01,Bartolo,Colon,NYN,DOM,7250000
2016,colonch01,Christian,Colon,KCA,PRI,518425
2016,confomi01,Michael,Conforto,NYN,USA,517246
2016,congeha01,Hank,Conger,TBA,USA,1500000
2016,conlead01,Adam,Conley,MIA,USA,512500
2016,cookry01,Ryan,Cook,SEA,USA,1100000
2016,corbipa01,Patrick,Corbin,ARI,USA,2525000
2016,correca01,Carlos,Correa,HOU,PRI,516700
2016,cosarja01,Jarred,Cosart,MIA,USA,550000
2016,cothaca01,Caleb,Cotham,CIN,USA,509675
2016,cowgico01,Collin,Cowgill,CLE,USA,1000000
2016,cozarza01,Zack,Cozart,CIN,USA,2925000
2016,crawfbr01,Brandon,Crawford,SFN,USA,6000000
2016,crawfca02,Carl,Crawford,LAN,USA,20750000
2016,crispco01,Coco,Crisp,OAK,USA,11000000
2016,croncj01,C. J.,Cron,LAA,USA,525000
2016,cruzne02,Nelson,Cruz,SEA,DOM,14250000
2016,cuetojo01,Johnny,Cueto,SFN,DOM,17500000
2016,culbech01,Charlie,Culberson,LAN,USA,535000
2016,danksjo01,John,Danks,CHA,USA,15750000
2016,darnatr01,Travis,d'Arnaud,NYN,USA,542604
2016,darviyu01,Yu,Darvish,TEX,JPN,10000000
2016,davisch02,Chris,Davis,BAL,USA,21268890
2016,daviskh01,Khris,Davis,OAK,USA,524500
2016,davisra01,Rajai,Davis,CLE,USA,5250000
2016,daviswa01,Wade,Davis,KCA,USA,8000000
2016,deazaal01,Alejandro,De Aza,NYN,DOM,5750000
2016,degroja01,Jacob,deGrom,NYN,USA,607000
2016,dejesiv02,Ivan,De Jesus,CIN,PRI,517000
2016,delarjo01,Jorge,De La Rosa,COL,MEX,12500000
2016,delarru01,Rubby,De La Rosa,ARI,DOM,2350000
2016,delgara01,Randall,Delgado,ARI,PAN,1275000
2016,descada01,Daniel,Descalso,COL,USA,2100000
2016,desclan01,Anthony,DeSclafani,CIN,USA,540000
2016,deshide02,Delino,DeShields,TEX,USA,517300
2016,desmoia01,Ian,Desmond,TEX,USA,8000000
2016,detwiro01,Ross,Detwiler,CLE,USA,1000000
2016,diazel01,Elias,Diaz,PIT,VEN,510000
2016,diazja01,Jairo,Diaz,COL,VEN,509500
2016,diazju03,Jumbo,Diaz,CIN,DOM,525000
2016,dickeco01,Corey,Dickerson,TBA,USA,522900
2016,dickera01,R. A.,Dickey,TOR,USA,12000000
2016,diekmja01,Jake,Diekman,TEX,USA,1255000
2016,dietrde01,Derek,Dietrich,MIA,USA,522500
2016,donaljo02,Josh,Donaldson,TOR,USA,11650000
2016,doolise01,Sean,Doolittle,OAK,USA,1580000
2016,doubrfe01,Felix,Doubront,OAK,VEN,2000000
2016,doziebr01,Brian,Dozier,MIN,USA,3000000
2016,drewst01,Stephen,Drew,WAS,USA,3000000
2016,drurybr01,Brandon,Drury,ARI,USA,508900
2016,dudalu01,Lucas,Duda,NYN,USA,6725000
2016,duffyda01,Danny,Duffy,KCA,USA,4225000
2016,duffyma01,Matt,Duffy,HOU,USA,510200
2016,duffyma02,Matt,Duffy,SFN,USA,537500
2016,dukeza01,Zach,Duke,CHA,USA,5000000
2016,dullry01,Ryan,Dull,OAK,USA,507500
2016,dunnmi01,Mike,Dunn,MIA,USA,3450000
2016,duvalad01,Adam,Duvall,CIN,USA,510000
2016,dysonja01,Jarrod,Dyson,KCA,USA,1725000
2016,dysonsa01,Sam,Dyson,TEX,USA,525270
2016,eatonad02,Adam,Eaton,CHA,USA,2750000
2016,edginjo01,Josh,Edgin,NYN,USA,625000
2016,edwarjo02,Jon,Edwards,SDN,USA,509600
2016,eickhje01,Jerad,Eickhoff,PHI,USA,516000
2016,ellisaj01,A. J.,Ellis,LAN,USA,4500000
2016,ellsbja01,Jacoby,Ellsbury,NYA,USA,21142857
2016,encared01,Edwin,Encarnacion,TOR,DOM,10000000
2016,eovalna01,Nathan,Eovaldi,NYA,USA,5600000
2016,escobal02,Alcides,Escobar,KCA,VEN,5250000
2016,escobed01,Eduardo,Escobar,MIN,VEN,2150000
2016,escobyu01,Yunel,Escobar,LAA,CUB,7000000
2016,espinda01,Danny,Espinosa,WAS,USA,2875000
2016,estrama01,Marco,Estrada,TOR,MEX,11500000
2016,ethiean01,Andre,Ethier,LAN,USA,18000000
2016,evelada01,Dana,Eveland,TBA,USA,895000
2016,familje01,Jeurys,Familia,NYN,DOM,4100000
2016,farmebu01,Buck,Farmer,DET,USA,509500
2016,farquda01,Danny,Farquhar,TBA,USA,527000
2016,faulkan01,Andrew,Faulkner,TEX,USA,508500
2016,feldmsc01,Scott,Feldman,HOU,USA,8000000
2016,felizmi01,Michael,Feliz,HOU,DOM,508200
2016,felizne01,Neftali,Feliz,PIT,DOM,3900000
2016,fernajo02,Jose,Fernandez,MIA,CUB,2800000
2016,ferreje01,Jeff,Ferrell,DET,USA,507500
2016,fieldjo03,Josh,Fields,HOU,USA,900000
2016,fieldpr01,Prince,Fielder,TEX,USA,24000000
2016,fienca01,Casey,Fien,MIN,USA,2275000
2016,fiersmi01,Mike,Fiers,HOU,USA,524100
2016,figueco01,Cole,Figueroa,PIT,USA,550000
2016,finnebr01,Brandon,Finnegan,CIN,USA,511500
2016,fistedo01,Doug,Fister,HOU,USA,7000000
2016,flahery01,Ryan,Flaherty,BAL,USA,1500000
2016,florera02,Ramon,Flores,MIL,VEN,508800
2016,florewi01,Wilmer,Flores,NYN,VEN,526014
2016,flowety01,Tyler,Flowers,ATL,USA,2000000
2016,floydga01,Gavin,Floyd,TOR,USA,1000000
2016,forsylo01,Logan,Forsythe,TBA,USA,2250000
2016,fowlede01,Dexter,Fowler,CHN,USA,8000000
2016,francje02,Jeff,Francoeur,ATL,USA,1000000
2016,francma02,Maikel,Franco,PHI,DOM,517500
2016,frazito01,Todd,Frazier,CHA,USA,8250000
2016,freemfr01,Freddie,Freeman,ATL,USA,12359375
2016,freesda01,David,Freese,PIT,USA,3000000
2016,fryerer01,Eric,Fryer,SLN,USA,575000
2016,fuentre01,Rey,Fuentes,KCA,USA,508450
2016,fuldsa01,Sam,Fuld,OAK,USA,1925000
2016,furbuch01,Charlie,Furbush,SEA,USA,1600000
2016,gallayo01,Yovani,Gallardo,BAL,MEX,8728776
2016,galvifr01,Freddy,Galvis,PHI,VEN,2000000
2016,gantjo01,John,Gant,ATL,USA,507500
2016,garciad01,Adonis,Garcia,ATL,CUB,508750
2016,garciav01,Avisail,Garcia,CHA,VEN,2100000
2016,garcigr01,Greg,Garcia,SLN,USA,507500
2016,garcija01,Santiago,Casilla,SFN,DOM,6500000
2016,garcija02,Jaime,Garcia,SLN,MEX,11500000
2016,garciyi01,Yimi,Garcia,LAN,DOM,517500
2016,gardnbr01,Brett,Gardner,NYA,USA,13500000
2016,garzama01,Matt,Garza,MIL,USA,12209424
2016,gattiev01,Evan,Gattis,HOU,USA,3300000
2016,gausmke01,Kevin,Gausman,BAL,USA,532000
2016,gearrco01,Cory,Gearrin,SFN,USA,550000
2016,geedi01,Dillon,Gee,KCA,USA,2000000
2016,geltzst01,Steve,Geltz,TBA,USA,519300
2016,gennesc01,Scooter,Gennett,MIL,USA,518100
2016,gentrcr01,Craig,Gentry,LAA,USA,1000000
2016,giavojo01,Johnny,Giavotella,LAA,USA,532500
2016,gibsoky01,Kyle,Gibson,MIN,USA,587500
2016,gileske01,Ken,Giles,HOU,USA,528200
2016,gimench01,Chris,Gimenez,TEX,USA,975000
2016,givenmy01,Mychal,Givens,BAL,USA,511500
2016,goeddty01,Tyler,Goeddel,PHI,USA,507500
2016,goinsry01,Ryan,Goins,TOR,USA,520200
2016,goldspa01,Paul,Goldschmidt,ARI,USA,5833333
2016,gomesya01,Yan,Gomes,CLE,BRA,2583333
2016,gomezca01,Carlos,Gomez,HOU,DOM,9000000
2016,gomezje01,Jeanmar,Gomez,PHI,VEN,1400000
2016,gonzaad01,Adrian,Gonzalez,LAN,USA,21000000
2016,gonzaca01,Carlos,Gonzalez,COL,VEN,17428571
2016,gonzagi01,Gio,Gonzalez,WAS,USA,12100000
2016,gonzama01,Marwin,Gonzalez,HOU,VEN,2000000
2016,gordoal01,Alex,Gordon,KCA,USA,12000000
2016,gordode01,Dee,Strange-Gordon,MIA,USA,3242202
2016,gorete01,Terrance,Gore,KCA,USA,508500
2016,gosean01,Anthony,Gose,DET,USA,525000
2016,gosseph01,Philip,Gosselin,ARI,USA,513900
2016,grandcu01,Curtis,Granderson,NYN,USA,16000000
2016,grandya01,Yasmani,Grandal,LAN,CUB,2800000
2016,graveke01,Kendall,Graveman,OAK,USA,512500
2016,grayjo02,Jon,Gray,COL,USA,509500
2016,grayso01,Sonny,Gray,OAK,USA,527500
2016,greensh02,Shane,Greene,DET,USA,517000
2016,gregelu01,Luke,Gregerson,HOU,USA,6750000
2016,gregodi01,Didi,Gregorius,NYA,NLD,2425000
2016,greinza01,Zack,Greinke,ARI,USA,31799030
2016,grichra01,Randal,Grichuk,SLN,USA,520000
2016,grillja01,Jason,Grilli,ATL,USA,3625000
2016,grimmju01,Justin,Grimm,CHN,USA,1275000
2016,guerral01,Alex,Guerrero,LAN,CUB,7500000
2016,gurkaja01,Jason,Gurka,COL,USA,660000
2016,gutiefr01,Franklin,Gutierrez,SEA,VEN,1500000
2016,guyerbr01,Brandon,Guyer,TBA,USA,1185000
2016,gyorkje01,Jedd,Gyorko,SLN,USA,4000000
2016,hamelco01,Cole,Hamels,TEX,USA,22500000
2016,hamilbi02,Billy,Hamilton,CIN,USA,570000
2016,hamiljo03,Josh,Hamilton,TEX,USA,24000000
2016,hammeja01,Jason,Hammel,CHN,USA,9000000
2016,hanigry01,Ryan,Hanigan,BOS,USA,3700000
2016,happja01,J. A.,Happ,TOR,USA,10000000
2016,hardybl01,Blaine,Hardy,DET,USA,520500
2016,hardyjj01,J. J.,Hardy,BAL,USA,12209424
2016,harpebr03,Bryce,Harper,WAS,USA,5000000
2016,harrijo05,Josh,Harrison,PIT,USA,5250000
2016,harrima01,Matt,Harrison,PHI,USA,13000000
2016,harrimi03,Mitch,Harris,SLN,USA,509000
2016,harriwi02,Will,Harris,HOU,USA,525500
2016,harvema01,Matt,Harvey,NYN,USA,4325000
2016,hatchch02,Chris,Hatcher,LAN,USA,1065000
2016,hazelje01,Jeremy,Hazelbaker,SLN,USA,507500
2016,headlch01,Chase,Headley,NYA,USA,13000000
2016,heanean01,Andrew,Heaney,LAA,USA,515000
2016,hechaad01,Adeiny,Hechavarria,MIA,CUB,2625000
2016,heisech01,Chris,Heisey,WAS,USA,1250000
2016,hellije01,Jeremy,Hellickson,PHI,USA,7000000
2016,hendeji01,Jim,Henderson,NYN,CAN,600000
2016,hendrky01,Kyle,Hendricks,CHN,USA,541000
2016,hendrli01,Liam,Hendriks,OAK,AUS,523400
2016,hernace02,Cesar,Hernandez,PHI,VEN,525000
2016,hernada01,David,Hernandez,PHI,USA,3900000
2016,hernaen02,Enrique,Hernandez,LAN,PRI,520000
2016,hernafe02,Felix,Hernandez,SEA,VEN,25857143
2016,herreke01,Kelvin,Herrera,KCA,DOM,2550000
2016,herreod01,Odubel,Herrera,PHI,VEN,528000
2016,herrmch01,Chris,Herrmann,ARI,USA,515900
2016,hestoch01,Chris,Heston,SFN,USA,530000
2016,heywaja01,Jason,Heyward,CHN,USA,19555288
2016,hicksaa01,Aaron,Hicks,NYA,USA,574000
2016,hillaa01,Aaron,Hill,MIL,USA,12000000
2016,hillri01,Rich,Hill,OAK,USA,6000000
2016,hinojda01,Dalier,Hinojosa,PHI,CUB,514000
2016,hochelu01,Luke,Hochevar,KCA,USA,5500000
2016,holadbr01,Bryan,Holaday,TEX,USA,519000
2016,hollama01,Mario,Hollands,PHI,USA,512500
2016,hollima01,Matt,Holliday,SLN,USA,17000000
2016,holtbr01,Brock,Holt,BOS,USA,606000
2016,holtty01,Tyler,Holt,CIN,USA,508000
2016,hoovejj01,J. J.,Hoover,CIN,USA,1400000
2016,hosmeer01,Eric,Hosmer,KCA,USA,8250000
2016,howeljp01,J. P.,Howell,LAN,USA,6250000
2016,hudsoda01,Daniel,Hudson,ARI,USA,2700000
2016,hugheja02,Jared,Hughes,PIT,USA,2175000
2016,hugheph01,Phil,Hughes,MIN,USA,9200000
2016,hundlni01,Nick,Hundley,COL,USA,3150000
2016,huntece01,Cedric,Hunter,PHI,USA,507500
2016,hunteto02,Tommy,Hunter,CLE,USA,2000000
2016,iannech01,Chris,Iannetta,SEA,USA,4250000
2016,iglesjo01,Jose,Iglesias,DET,CUB,2100000
2016,iglesra01,Raisel,Iglesias,CIN,CUB,3214285
2016,inciaen01,Ender,Inciarte,ATL,VEN,523000
2016,infanom01,Omar,Infante,KCA,VEN,7750000
2016,iwakuhi01,Hisashi,Iwakuma,SEA,JPN,10976096
2016,jacksau01,Austin,Jackson,CHA,USA,5000000
2016,jacksed01,Edwin,Jackson,MIA,DEU,507500
2016,jackslu01,Luke,Jackson,TEX,USA,508500
2016,jankotr01,Travis,Jankowski,SDN,USA,508800
2016,janseke01,Kenley,Jansen,LAN,CUW,10650000
2016,jasojo01,John,Jaso,PIT,USA,4000000
2016,jayjo02,Jon,Jay,SDN,USA,6225000
2016,jeffrje01,Jeremy,Jeffress,MIL,USA,519100
2016,jennida01,Dan,Jennings,CHA,USA,810000
2016,jennide01,Desmond,Jennings,TBA,USA,3300000
2016,jepseke01,Kevin,Jepsen,MIN,USA,5312000
2016,jimenub01,Ubaldo,Jimenez,BAL,DOM,12673102
2016,johnsch05,Chris,Johnson,MIA,USA,8007500
2016,johnsji04,Jim,Johnson,ATL,USA,2500000
2016,johnske05,Kelly,Johnson,ATL,USA,2000000
2016,jonesad01,Adam,Jones,BAL,USA,16329674
2016,jonesna01,Nate,Jones,CHA,USA,900000
2016,josepca01,Caleb,Joseph,BAL,USA,523500
2016,joycema01,Matt,Joyce,PIT,USA,1000000
2016,jungmta01,Taylor,Jungmann,MIL,USA,518500
2016,kangju01,Jung Ho,Kang,PIT,KOR,2500000
2016,karnsna01,Nate,Karns,SEA,USA,523700
2016,kazmisc01,Scott,Kazmir,LAN,USA,14985384
2016,kelake01,Keone,Kela,TEX,USA,518000
2016,kellesh01,Shawn,Kelley,WAS,USA,4000000
2016,kellyjo05,Joe,Kelly,BOS,USA,2600000
2016,kempma01,Matt,Kemp,SDN,USA,21500000
2016,kendrho01,Howie,Kendrick,LAN,USA,9540378
2016,kenneia01,Ian,Kennedy,KCA,USA,7500000
2016,kensilo01,Logan,Kensing,DET,USA,575000
2016,kershcl01,Clayton,Kershaw,LAN,USA,33000000
2016,keuchda01,Dallas,Keuchel,HOU,USA,7250000
2016,kiermke01,Kevin,Kiermaier,TBA,USA,514400
2016,kimbrcr01,Craig,Kimbrel,BOS,USA,11000000
2016,kimhy01,Hyun Soo,Kim,BAL,KOR,2800000
2016,kinslia01,Ian,Kinsler,DET,USA,14000000
2016,kipnija01,Jason,Kipnis,CLE,USA,6166667
2016,kleinph01,Phil,Klein,TEX,USA,509500
2016,klubeco01,Corey,Kluber,CLE,USA,4700000
2016,knebeco01,Corey,Knebel,MIL,USA,513000
2016,koehlto01,Tom,Koehler,MIA,USA,3500000
2016,kontoge01,George,Kontos,SFN,USA,1150000
2016,kratzer01,Erik,Kratz,HOU,USA,850000
2016,lackejo01,John,Lackey,CHN,USA,16000000
2016,lagarju01,Juan,Lagares,NYN,DOM,2500000
2016,lambja01,Jake,Lamb,ARI,USA,520300
2016,lambjo02,John,Lamb,CIN,USA,507500
2016,lamboan01,Andrew,Lambo,CHA,USA,3000000
2016,lasteto01,Tommy,La Stella,CHN,USA,532000
2016,lawribr01,Brett,Lawrie,CHA,CAN,4125000
2016,layneto01,Tommy,Layne,BOS,USA,563750
2016,lazora01,Raudel,Lazo,MIA,CUB,508500
2016,leakemi01,Mike,Leake,SLN,USA,12000000
2016,leeda02,Dae-ho,Lee,SEA,KOR,1000000
2016,lemahdj01,DJ,LeMahieu,COL,USA,3000000
2016,leonar01,Arnold,Leon,TOR,MEX,510500
2016,lestejo01,Jon,Lester,CHN,USA,25000000
2016,lewisco01,Colby,Lewis,TEX,USA,6000000
2016,lindad01,Adam,Lind,SEA,USA,8000000
2016,lindofr01,Francisco,Lindor,CLE,PRI,540300
2016,liriafr01,Francisco,Liriano,PIT,DOM,13666667
2016,liriary01,Rymer,Liriano,MIL,DOM,508500
2016,lobatjo01,Jose,Lobaton,WAS,VEN,1387500
2016,lobstky01,Kyle,Lobstein,PIT,USA,520000
2016,lockeje01,Jeff,Locke,PIT,USA,3025000
2016,loganbo02,Boone,Logan,COL,USA,6250000
2016,longoev01,Evan,Longoria,TBA,USA,12600018
2016,lopezja02,Javier,Lopez,SFN,PRI,5000000
2016,lorenmi01,Michael,Lorenzen,CIN,USA,516500
2016,loupaa01,Aaron,Loup,TOR,USA,1050000
2016,lowema01,Mark,Lowe,DET,USA,5500000
2016,lowrije01,Jed,Lowrie,OAK,USA,7500000
2016,lucrojo01,Jonathan,Lucroy,MIL,USA,4100000
2016,luebkco01,Cory,Luebke,PIT,USA,1000000
2016,lylesjo01,Jordan,Lyles,COL,USA,2975000
2016,lynnla01,Lance,Lynn,SLN,USA,7500000
2016,lyonsty01,Tyler,Lyons,SLN,USA,512500
2016,machama01,Manny,Machado,BAL,USA,5000000
2016,madsory01,Ryan,Madson,OAK,USA,6666667
2016,maedake01,Kenta,Maeda,LAN,JPN,3125000
2016,maldoma01,Martin,Maldonado,MIL,PRI,1125000
2016,manesse01,Seth,Maness,SLN,USA,1400000
2016,manshje01,Jeff,Manship,CLE,USA,765000
2016,margoma01,Manuel,Margot,PHI,DOM,512500
2016,marisja01,Jake,Marisnick,HOU,USA,519500
2016,markani01,Nick,Markakis,ATL,USA,11000000
2016,marteke01,Ketel,Marte,SEA,DOM,515400
2016,martest01,Starling,Marte,PIT,DOM,3333333
2016,martica04,Carlos,Martinez,SLN,DOM,539000
2016,martijd02,J. D.,Martinez,DET,USA,6750000
2016,martile01,Leonys,Martin,SEA,CUB,4150000
2016,martiru01,Russell,Martin,TOR,CAN,15000000
2016,martivi01,Victor,Martinez,DET,VEN,18000000
2016,mathije01,Jeff,Mathis,MIA,USA,1500000
2016,matusbr01,Brian,Matusz,BAL,USA,3900000
2016,matzety01,Tyler,Matzek,COL,USA,509500
2016,matzety01,Tyler,Matzek,MIN,USA,545000
2016,matzst01,Steven,Matz,NYN,USA,515750
2016,mauerjo01,Joe,Mauer,MIN,USA,23000000
2016,maurebr01,Brandon,Maurer,SDN,USA,526400
2016,maybica01,Cameron,Maybin,DET,USA,8000000
2016,mcallza01,Zach,McAllister,CLE,USA,1300000
2016,mccanbr01,Brian,McCann,NYA,USA,17000000
2016,mccanja02,James,McCann,DET,USA,519500
2016,mccarbr01,Brandon,McCarthy,LAN,USA,12500000
2016,mcculla02,Lance,McCullers,HOU,USA,516700
2016,mccutan01,Andrew,McCutchen,PIT,USA,13208333
2016,mcfartj01,T. J.,McFarland,BAL,USA,523500
2016,mcgeeja01,Jake,McGee,COL,USA,4800000
2016,mcgowdu01,Dustin,McGowan,MIA,USA,1000000
2016,mchugco01,Collin,McHugh,HOU,USA,529000
2016,mckiran01,Andrew,McKirahan,ATL,USA,511750
2016,medlekr01,Kris,Medlen,KCA,USA,5500000
2016,melanma01,Mark,Melancon,PIT,USA,9650000
2016,mercejo03,Jordy,Mercer,PIT,USA,2075000
2016,mesorde01,Devin,Mesoraco,CIN,USA,5025000
2016,mileywa01,Wade,Miley,BAL,USA,16329674
2016,millean01,Andrew,Miller,NYA,USA,9000000
2016,millebr02,Brad,Miller,TBA,USA,527600
2016,milleju02,Justin,Miller,COL,USA,509500
2016,millesh01,Shelby,Miller,ARI,USA,4350000
2016,milonto01,Tommy,Milone,MIN,USA,4500000
2016,minormi01,Mike,Minor,KCA,USA,2000000
2016,mitchbr01,Bryan,Mitchell,NYA,USA,516650
2016,molinya01,Yadier,Molina,SLN,PRI,14200000
2016,montafr01,Frankie,Montas,LAN,DOM,510000
2016,montemi01,Miguel,Montero,CHN,VEN,14000000
2016,montgmi01,Mike,Montgomery,SEA,USA,515000
2016,moorema02,Matt,Moore,TBA,USA,5100000
2016,moralfr01,Franklin,Morales,TOR,VEN,2000000
2016,moralke01,Kendrys,Morales,KCA,CUB,9000000
2016,morelmi01,Mitch,Moreland,TEX,USA,5700000
2016,morinmi01,Mike,Morin,LAA,USA,520000
2016,morribr01,Bryan,Morris,MIA,USA,1350000
2016,morrilo01,Logan,Morrison,TBA,USA,4200000
2016,morsemi01,Mike,Morse,PIT,USA,8000000
2016,mortoch02,Charlie,Morton,PHI,USA,8000000
2016,moscojo01,Jon,Moscot,CIN,USA,508000
2016,mossbr01,Brandon,Moss,SLN,USA,8250000
2016,motteja01,Jason,Motte,COL,USA,5000000
2016,moustmi01,Mike,Moustakas,KCA,USA,5600000
2016,murphda08,Daniel,Murphy,WAS,USA,8000000
2016,murphjr01,J. R.,Murphy,MIN,USA,528700
2016,myerswi01,Wil,Myers,SDN,USA,523900
2016,napolmi01,Mike,Napoli,CLE,USA,7000000
2016,naquity01,Tyler,Naquin,CLE,USA,507500
2016,narvech01,Chris,Narveson,MIA,USA,1200000
2016,navada01,Daniel,Nava,LAA,USA,1375000
2016,navardi01,Dioner,Navarro,CHA,VEN,4000000
2016,nelsoji02,Jimmy,Nelson,MIL,USA,522300
2016,nerishe01,Hector,Neris,PHI,DOM,515000
2016,nesbian01,Angel,Nesbitt,DET,VEN,508500
2016,neshepa01,Pat,Neshek,HOU,USA,6500000
2016,nicasju01,Juan,Nicasio,PIT,DOM,3000000
2016,niesejo01,Jonathon,Niese,PIT,USA,9000000
2016,nieuwki01,Kirk,Nieuwenhuis,MIL,USA,514000
2016,nolaaa01,Aaron,Nola,PHI,USA,517500
2016,nolasri01,Ricky,Nolasco,MIN,USA,12000000
2016,nolinse01,Sean,Nolin,MIL,USA,509700
2016,norribu01,Bud,Norris,ATL,USA,2500000
2016,norrida01,Daniel,Norris,DET,USA,514500
2016,norride01,Derek,Norris,SDN,USA,2925000
2016,novaiv01,Ivan,Nova,NYA,DOM,4100000
2016,nunezed02,Eduardo,Nunez,MIN,DOM,1475000
2016,nunovi01,Vidal,Nuno,SEA,USA,532900
2016,oberhbr01,Brett,Oberholtzer,PHI,USA,518000
2016,odayda01,Darren,O'Day,BAL,USA,5854712
2016,odorija01,Jake,Odorizzi,TBA,USA,520700
2016,odorro01,Rougned,Odor,TEX,VEN,522700
2016,oflaher01,Eric,O'Flaherty,ATL,USA,1750000
2016,ogandal01,Alexi,Ogando,ATL,DOM,2000000
2016,ohlenro01,Ross,Ohlendorf,CIN,USA,800000
2016,ohse01,Seunghwan,Oh,SLN,KOR,2500000
2016,olivehe01,Hector,Olivera,ATL,CUB,4000000
2016,orlanpa01,Paulo,Orlando,KCA,BRA,514250
2016,ortizda01,David,Ortiz,BOS,DOM,16000000
2016,osichjo01,Josh,Osich,SFN,USA,512500
2016,osunaro01,Roberto,Osuna,TOR,MEX,516100
2016,oteroda01,Dan,Otero,CLE,USA,520000
2016,ottavad01,Adam,Ottavino,COL,USA,1300000
2016,owingch01,Chris,Owings,ARI,USA,530500
2016,ozunama01,Marcell,Ozuna,MIA,DOM,570000
2016,paganan01,Angel,Pagan,SFN,PRI,11250000
2016,panikjo01,Joe,Panik,SFN,USA,545000
2016,papeljo01,Jonathan,Papelbon,WAS,USA,10936574
2016,paredji01,Jimmy,Paredes,BAL,DOM,520000
2016,parkeja02,Jarrod,Parker,OAK,USA,850000
2016,parrage01,Gerardo,Parra,COL,VEN,8000000
2016,paulsbe01,Ben,Paulsen,COL,USA,512500
2016,pearcst01,Steve,Pearce,TBA,USA,4750000
2016,peavyja01,Jake,Peavy,SFN,USA,15000000
2016,pederjo01,Joc,Pederson,LAN,USA,520000
2016,pedrodu01,Dustin,Pedroia,BOS,USA,12642511
2016,pelfrmi01,Mike,Pelfrey,DET,USA,8000000
2016,penaar01,Ariel,Peña,MIL,DOM,510000
2016,penabr01,Brayan,Peña,SLN,CUB,2500000
2016,pencehu01,Hunter,Pence,SFN,USA,18700000
2016,pennicl01,Cliff,Pennington,LAA,USA,1500000
2016,peralda01,David,Peralta,ARI,VEN,529600
2016,peraljh01,Jhonny,Peralta,SLN,DOM,12500000
2016,peraljo01,Joel,Peralta,SEA,DOM,1250000
2016,peralwi01,Wily,Peralta,MIL,DOM,2800000
2016,perdolu02,Luis,Perdomo,SDN,DOM,507500
2016,perezca02,Carlos,Perez,LAA,VEN,513000
2016,perezma02,Martin,Perez,TEX,VEN,3150000
2016,perezol01,Oliver,Perez,WAS,MEX,3000000
2016,perezro02,Roberto,Perez,CLE,PRI,515800
2016,perezsa02,Salvador,Perez,KCA,VEN,2000000
2016,perezwi01,Williams,Perez,ATL,VEN,511250
2016,perkigl01,Glen,Perkins,MIN,USA,6300000
2016,peterja01,Jace,Peterson,ATL,USA,520500
2016,petityu01,Yusmeiro,Petit,WAS,VEN,2500000
2016,petrija01,Jake,Petricka,CHA,USA,535000
2016,phamth01,Tommy,Pham,SLN,USA,510000
2016,phegljo01,Josh,Phegley,OAK,USA,512500
2016,phelpda01,David,Phelps,MIA,USA,2500000
2016,phillbr01,Brandon,Phillips,CIN,USA,13083333
2016,pierzaj01,A. J.,Pierzynski,ATL,USA,3000000
2016,pillake01,Kevin,Pillar,TOR,USA,521100
2016,pinedmi01,Michael,Pineda,NYA,DOM,4300000
2016,piscost01,Stephen,Piscotty,SLN,USA,512500
2016,plaweke01,Kevin,Plawecki,NYN,USA,511360
2016,plouftr01,Trevor,Plouffe,MIN,USA,7250000
2016,polangr01,Gregory,Polanco,PIT,DOM,535000
2016,polloaj01,AJ,Pollock,ARI,USA,3500000
2016,pomerdr01,Drew,Pomeranz,SDN,USA,1350000
2016,porceri01,Rick,Porcello,BOS,USA,20125000
2016,poseybu01,Buster,Posey,SFN,USA,20777778
2016,pradoma01,Martin,Prado,MIA,VEN,11000000
2016,pressry01,Ryan,Pressly,MIN,USA,520000
2016,priceda01,David,Price,BOS,USA,30000000
2016,puigya01,Yasiel,Puig,LAN,CUB,7214285
2016,pujolal01,Albert,Pujols,LAA,DOM,25000000
2016,putnaza01,Zach,Putnam,CHA,USA,975000
2016,quackke01,Kevin,Quackenbush,SDN,USA,521200
2016,quallch01,Chad,Qualls,COL,USA,2250000
2016,quintjo01,Jose,Quintana,CHA,COL,5400000
2016,raburry01,Ryan,Raburn,COL,USA,1500000
2016,ramiral03,Alexei,Ramirez,SDN,CUB,3000000
2016,ramirer02,Erasmo,Ramirez,TBA,NIC,2375000
2016,ramirha01,Hanley,Ramirez,BOS,DOM,22750000
2016,ramirjo01,Jose,Ramirez,CLE,DOM,518200
2016,ramirjo02,Jose,Ramirez,ATL,DOM,507500
2016,ramirne01,Neil,Ramirez,CHN,USA,524500
2016,ramirno01,Noe,Ramirez,BOS,USA,509500
2016,ramosaj01,AJ,Ramos,MIA,USA,3400000
2016,ramoswi01,Wilson,Ramos,WAS,VEN,5350000
2016,rasmuco01,Colby,Rasmus,HOU,USA,15800000
2016,rasmuco02,Cory,Rasmus,LAA,USA,514500
2016,ravinjo01,Josh,Ravin,LAN,USA,515000
2016,rayro02,Robbie,Ray,ARI,USA,521000
2016,reaco01,Colin,Rea,SDN,USA,510200
2016,realmjt01,J. T.,Realmuto,MIA,USA,532500
2016,reddijo01,Josh,Reddick,OAK,USA,6575000
2016,reedad01,Addison,Reed,NYN,USA,5300000
2016,reimono01,Nolan,Reimold,BAL,USA,1300000
2016,rendoan01,Anthony,Rendon,WAS,USA,2800000
2016,reverbe01,Ben,Revere,WAS,USA,6250000
2016,reyesjo01,Jose,Reyes,COL,DOM,22000000
2016,reynoma01,Mark,Reynolds,COL,USA,2600000
2016,richacl01,Clayton,Richard,CHN,USA,2000000
2016,richaga01,Garrett,Richards,LAA,USA,6425000
2016,rickajo01,Joey,Rickard,BAL,USA,507500
2016,riverfe01,Felipe,Vazquez,WAS,VEN,516100
2016,riverya01,Yadiel,Rivera,MIL,PRI,508600
2016,rizzoan01,Anthony,Rizzo,CHN,USA,5285714
2016,roarkta01,Tanner,Roark,WAS,USA,543400
2016,roberda08,David,Robertson,CHA,USA,11000000
2016,robincl01,Clint,Robinson,WAS,USA,534900
2016,robleha01,Hansel,Robles,NYN,DOM,516500
2016,rodnefe01,Fernando,Rodney,SDN,DOM,1600000
2016,rodonca01,Carlos,Rodon,CHA,USA,518000
2016,rodrial01,Alex,Rodriguez,NYA,USA,21000000
2016,rodried05,Eduardo,Rodriguez,BOS,VEN,521000
2016,rodrife02,Fernando,Rodriguez,OAK,USA,1050000
2016,rodrifr03,Francisco,Rodriguez,DET,VEN,7383481
2016,rodrise01,Sean,Rodriguez,PIT,USA,2500000
2016,rodrist02,Paco,Rodriguez,ATL,USA,520500
2016,rojasmi02,Miguel,Rojas,MIA,VEN,511000
2016,rolliji01,Jimmy,Rollins,CHA,USA,2000000
2016,romeren01,Enny,Romero,TBA,DOM,510000
2016,rominan01,Andrew,Romine,DET,USA,900000
2016,rominau01,Austin,Romine,NYA,USA,556000
2016,romose01,Sergio,Romo,SFN,USA,9000000
2016,rondohe01,Hector,Rondon,CHN,VEN,4200000
2016,rosalad01,Adam,Rosales,SDN,USA,800000
2016,rosared01,Eddie,Rosario,MIN,PRI,542500
2016,rosentr01,Trevor,Rosenthal,SLN,USA,5600000
2016,rosscza01,Zac,Rosscup,CHN,USA,524500
2016,rossda01,David,Ross,CHN,USA,2500000
2016,rossjo01,Joe,Ross,WAS,USA,514400
2016,rossro01,Robbie,Ross,BOS,USA,1250000
2016,rossty01,Tyson,Ross,SDN,USA,9625000
2016,ruary01,Ryan,Rua,TEX,USA,510120
2016,rufda01,Darin,Ruf,PHI,USA,527000
2016,ruggiju01,Justin,Ruggiano,TEX,USA,1650000
2016,ruizca01,Carlos,Ruiz,PHI,PAN,8500000
2016,ruppca01,Cameron,Rupp,PHI,USA,518000
2016,rusinch01,Chris,Rusin,COL,USA,512500
2016,russead02,Addison,Russell,CHN,USA,527000
2016,russeja02,James,Russell,PHI,USA,1500000
2016,ryanky01,Kyle,Ryan,DET,USA,509500
2016,ryuhy01,Hyun Jin,Ryu,LAN,KOR,7833333
2016,rzepcma01,Marc,Rzepczynski,OAK,USA,2950000
2016,sabatcc01,CC,Sabathia,NYA,USA,25000000
2016,saladty01,Tyler,Saladino,CHA,USA,513000
2016,salasfe01,Fernando,Salas,LAA,MEX,2400000
2016,salazda01,Danny,Salazar,CLE,DOM,536200
2016,salech01,Chris,Sale,CHA,USA,9150000
2016,saltaja01,Jarrod,Saltalamacchia,DET,USA,507500
2016,samarje01,Jeff,Samardzija,SFN,USA,10800000
2016,sampske01,Keyvius,Sampson,CIN,USA,507500
2016,sanchaa01,Aaron,Sanchez,TOR,USA,517800
2016,sanchan01,Anibal,Sanchez,DET,VEN,16800000
2016,sandopa01,Pablo,Sandoval,BOS,VEN,17600000
2016,sandsje01,Jerry,Sands,CHA,USA,535000
2016,sanomi01,Miguel,Sano,MIN,DOM,547500
2016,santaca01,Carlos,Santana,CLE,DOM,8450000
2016,santada01,Danny,Santana,MIN,DOM,537500
2016,santado01,Domingo,Santana,MIL,DOM,513800
2016,santaer01,Ervin,Santana,MIN,DOM,13500000
2016,santihe01,Hector,Santiago,LAA,USA,5000000
2016,sardilu01,Luis,Sardinas,SEA,VEN,512000
2016,saundmi01,Michael,Saunders,TOR,CAN,2900000
2016,schebsc01,Scott,Schebler,CIN,USA,507500
2016,schepta01,Tanner,Scheppers,TEX,USA,900000
2016,scherma01,Max,Scherzer,WAS,USA,22142857
2016,schoojo01,Jonathan,Schoop,BAL,CUW,522500
2016,schulbo02,Bo,Schultz,TOR,USA,513300
2016,schwaky01,Kyle,Schwarber,CHN,USA,522000
2016,scribev01,Evan,Scribner,SEA,USA,807500
2016,seageco01,Corey,Seager,LAN,USA,510000
2016,seageky01,Kyle,Seager,SEA,USA,8000000
2016,segurje01,Jean,Segura,ARI,DOM,2600000
2016,semiema01,Marcus,Semien,OAK,USA,512500
2016,severlu01,Luis,Severino,NYA,DOM,521300
2016,shawbr01,Bryan,Shaw,CLE,USA,2750000
2016,shawtr01,Travis,Shaw,BOS,USA,515000
2016,shielja02,James,Shields,SDN,USA,21000000
2016,shoemma01,Matt,Shoemaker,LAA,USA,530000
2016,shrevch01,Chasen,Shreve,NYA,USA,533400
2016,shuckja01,JB,Shuck,CHA,USA,521000
2016,siegrke01,Kevin,Siegrist,SLN,USA,539000
2016,simmoan01,Andrelton,Simmons,LAA,CUW,6000000
2016,simmosh01,Shae,Simmons,ATL,USA,508000
2016,simonal01,Alfredo,Simon,CIN,DOM,2000000
2016,sippto01,Tony,Sipp,HOU,USA,6000000
2016,skipwky01,Kyle,Skipworth,CIN,USA,508000
2016,smithca02,Carson,Smith,BOS,USA,529000
2016,smithjo05,Joe,Smith,LAA,USA,5250000
2016,smithse01,Seth,Smith,SEA,USA,6750000
2016,smithwi04,Will,Smith,MIL,USA,1475000
2016,smoakju01,Justin,Smoak,TOR,USA,3900000
2016,smylydr01,Drew,Smyly,TBA,USA,3750000
2016,sogarer01,Eric,Sogard,OAK,USA,1500000
2016,solarya01,Yangervis,Solarte,SDN,VEN,525500
2016,solerjo01,Jorge,Soler,CHN,CUB,3666666
2016,soriajo01,Joakim,Soria,KCA,MEX,7000000
2016,sotoge01,Geovany,Soto,LAA,PRI,2800000
2016,souzast01,Steven,Souza,TBA,USA,516100
2016,spande01,Denard,Span,SFN,USA,5000000
2016,spangco01,Cory,Spangenberg,SDN,USA,517700
2016,springe01,George,Springer,HOU,USA,522400
2016,stantmi03,Giancarlo,Stanton,MIA,USA,9000000
2016,stassma01,Max,Stassi,HOU,USA,508200
2016,stewach01,Chris,Stewart,PIT,USA,1350000
2016,storedr01,Drew,Storen,TOR,USA,8375000
2016,storytr01,Trevor,Story,COL,USA,507500
2016,straida01,Dan,Straily,CIN,USA,512100
2016,strasst01,Stephen,Strasburg,WAS,USA,10400000
2016,streehu01,Huston,Street,LAA,USA,8000000
2016,strichu01,Hunter,Strickland,SFN,USA,517500
2016,stripro01,Ross,Stripling,LAN,USA,507500
2016,stromma01,Marcus,Stroman,TOR,USA,515900
2016,stroppe01,Pedro,Strop,CHN,DOM,4400000
2016,stubbdr01,Drew,Stubbs,ATL,USA,507500
2016,stumpda01,Daniel,Stumpf,PHI,USA,507500
2016,suareeu01,Eugenio,Suarez,CIN,VEN,545000
2016,sucreje01,Jesus,Sucre,SEA,VEN,512000
2016,suzukic01,Ichiro,Suzuki,MIA,JPN,2000000
2016,suzukku01,Kurt,Suzuki,MIN,USA,6000000
2016,swihabl01,Blake,Swihart,BOS,USA,518500
2016,syndeno01,Noah,Syndergaard,NYN,USA,535375
2016,szczuma01,Matt,Szczur,CHN,USA,511500
2016,tanakma01,Masahiro,Tanaka,NYA,JPN,22000000
2016,taylomi02,Michael,Taylor,WAS,USA,524000
2016,tazawju01,Junichi,Tazawa,BOS,JPN,3375000
2016,teherju01,Julio,Teheran,ATL,COL,3466666
2016,teixema01,Mark,Teixeira,NYA,USA,23125000
2016,tejadru01,Ruben,Tejada,SLN,PAN,1500000
2016,tholejo01,Josh,Thole,TOR,USA,800000
2016,thomptr01,Trayce,Thompson,LAN,USA,512500
2016,thornma01,Matt,Thornton,SDN,USA,1600000
2016,thornty01,Tyler,Thornburg,MIL,USA,513900
2016,tillmch01,Chris,Tillman,BAL,USA,6225000
2016,tollesh01,Shawn,Tolleson,TEX,USA,3275000
2016,tomasya01,Yasmany,Tomas,ARI,CUB,7500000
2016,tomlijo01,Josh,Tomlin,CLE,USA,2250000
2016,tomlike01,Kelby,Tomlinson,SFN,USA,512500
2016,tonkimi01,Michael,Tonkin,MIN,USA,515000
2016,torreca01,Carlos,Torres,MIL,USA,1050000
2016,torrero01,Ronald,Torreyes,NYA,VEN,508600
2016,travide01,Devon,Travis,TOR,USA,511200
2016,treinbl01,Blake,Treinen,WAS,USA,524900
2016,troutmi01,Mike,Trout,LAA,USA,16083333
2016,trumbma01,Mark,Trumbo,BAL,USA,9150000
2016,tuckepr01,Preston,Tucker,HOU,USA,515000
2016,tulowtr01,Troy,Tulowitzki,TOR,USA,20000000
2016,turneju01,Justin,Turner,LAN,USA,5100000
2016,ueharko01,Koji,Uehara,BOS,JPN,9000000
2016,uptonbj01,B. J.,Upton,SDN,USA,15450000
2016,uptonju01,Justin,Upton,DET,USA,22125000
2016,uribeju01,Juan,Uribe,CLE,DOM,4000000
2016,utleych01,Chase,Utley,LAN,USA,7000000
2016,valbulu01,Luis,Valbuena,HOU,VEN,6125000
2016,valenda01,Danny,Valencia,OAK,USA,3150000
2016,vanslsc01,Scott,Van Slyke,LAN,USA,1225000
2016,vargaja01,Jason,Vargas,KCA,USA,8500000
2016,vazquch01,Christian,Vazquez,BOS,PRI,513000
2016,velasvi01,Vince,Velasquez,PHI,USA,516000
2016,ventuyo01,Yordano,Ventura,KCA,DOM,1200000
2016,verhadr01,Drew,VerHagen,DET,USA,509500
2016,verlaju01,Justin,Verlander,DET,USA,28000000
2016,verrelo01,Logan,Verrett,NYN,USA,514875
2016,villaca01,Carlos,Villanueva,SDN,DOM,1490314
2016,villajo01,Jonathan,Villar,MIL,DOM,512900
2016,vinceni01,Nick,Vincent,SEA,USA,525500
2016,vizcaar01,Arodys,Vizcaino,ATL,DOM,897500
2016,vogelry01,Ryan,Vogelsong,PIT,USA,2000000
2016,vogtst01,Stephen,Vogt,OAK,USA,527500
2016,volqued01,Edinson,Volquez,KCA,DOM,9500000
2016,vottojo01,Joey,Votto,CIN,CAN,20000000
2016,wachami01,Michael,Wacha,SLN,USA,539000
2016,wainwad01,Adam,Wainwright,SLN,USA,19500000
2016,waldejo01,Jordan,Walden,SLN,USA,3675000
2016,walkene01,Neil,Walker,NYN,USA,10550000
2016,walketa01,Taijuan,Walker,SEA,USA,528600
2016,wallabr01,Brett,Wallace,SDN,USA,1000000
2016,walshco02,Colin,Walsh,MIL,USA,507500
2016,wangch01,Chien-Ming,Wang,KCA,TWN,1000000
2016,warread01,Adam,Warren,CHN,USA,1700000
2016,watsoto01,Tony,Watson,PIT,USA,3450000
2016,weaveje02,Jered,Weaver,LAA,USA,20200000
2016,webbry01,Ryan,Webb,TBA,USA,1000000
2016,weeksri01,Rickie,Weeks,ARI,USA,1500000
2016,werthja01,Jayson,Werth,WAS,USA,21733615
2016,wheelza01,Zack,Wheeler,NYN,USA,546250
2016,whitety01,Tyler,White,HOU,USA,507500
2016,whitlch01,Chase,Whitley,TBA,USA,524525
2016,wietema01,Matt,Wieters,BAL,USA,15800000
2016,wilheto01,Tom,Wilhelmsen,TEX,USA,3100000
2016,willima07,Mason,Williams,NYA,USA,509700
2016,wilsoal01,Alex,Wilson,DET,SAU,522500
2016,wilsocj01,C. J.,Wilson,LAA,USA,20500000
2016,wilsoju10,Justin,Wilson,DET,USA,1525000
2016,wilsoty01,Tyler,Wilson,BAL,USA,511500
2016,winklda01,Dan,Winkler,ATL,USA,508500
2016,wislema01,Matt,Wisler,ATL,USA,507500
2016,wolteto01,Tony,Wolters,COL,USA,507500
2016,wongko01,Kolten,Wong,SLN,USA,1250000
2016,woodal02,Alex,Wood,LAN,USA,530000
2016,woodbl01,Blake,Wood,CIN,USA,600000
2016,woodtr01,Travis,Wood,CHN,USA,6170000
2016,workmbr01,Brandon,Workman,BOS,USA,539500
2016,worleva01,Vance,Worley,BAL,USA,2600000
2016,wrighda03,David,Wright,NYN,USA,19364801
2016,wrighmi01,Mike,Wright,BAL,USA,510500
2016,wrighst01,Steven,Wright,BOS,USA,514500
2016,yateski01,Kirby,Yates,NYA,USA,511900
2016,yelicch01,Christian,Yelich,MIA,USA,1000000
2016,youngch03,Chris,Young,KCA,USA,4250000
2016,youngch04,Chris,Young,BOS,USA,6500000
2016,zieglbr01,Brad,Ziegler,ARI,USA,5500000
2016,zimmejo02,Jordan,Zimmermann,DET,USA,18000000
2016,zimmery01,Ryan,Zimmerman,WAS,USA,14000000
2016,zobribe01,Ben,Zobrist,CHN,USA,10500000
2016,zychto01,Tony,Zych,SEA,USA,511000
