season,network,rating,avg_viewers_m,source_url
1968,NBC,22.8,,https://en.wikipedia.org/wiki/World_Series_television_ratings
1969,NBC,22.4,,https://en.wikipedia.org/wiki/World_Series_television_ratings
1970,NBC,19.4,,https://en.wikipedia.org/wiki/World_Series_television_ratings
1971,NBC,24.2,,https://en.wikipedia.org/wiki/World_Series_television_ratings
1972,NBC,27.6,,https://en.wikipedia.org/wiki/World_Series_television_ratings
1973,NBC,30.7,34.75,https://en.wikipedia.org/wiki/World_Series_television_ratings
1974,NBC,25.6,29.08,https://en.wikipedia.org/wiki/World_Series_television_ratings
1975,NBC,28.7,35.96,https://en.wikipedia.org/wiki/World_Series_television_ratings
1976,NBC,27.5,34.72,https://en.wikipedia.org/wiki/World_Series_television_ratings
1977,ABC,29.8,37.15,https://en.wikipedia.org/wiki/World_Series_television_ratings
1978,NBC,32.8,44.279,https://en.wikipedia.org/wiki/World_Series_television_ratings
1979,ABC,28.5,37.96,https://en.wikipedia.org/wiki/World_Series_television_ratings
1980,NBC,32.8,42.3,https://en.wikipedia.org/wiki/World_Series_television_ratings
1981,ABC,30.0,41.37,https://en.wikipedia.org/wiki/World_Series_television_ratings
1982,NBC,27.9,38.07,https://en.wikipedia.org/wiki/World_Series_television_ratings
1983,ABC,23.4,29.54,https://en.wikipedia.org/wiki/World_Series_television_ratings
1984,NBC,22.9,28.01,https://en.wikipedia.org/wiki/World_Series_television_ratings
1985,ABC,25.3,34.51,https://en.wikipedia.org/wiki/World_Series_television_ratings
1986,NBC,28.6,36.37,https://en.wikipedia.org/wiki/World_Series_television_ratings
1987,ABC,24.0,35.34,https://en.wikipedia.org/wiki/World_Series_television_ratings
1988,NBC,23.9,34.49,https://en.wikipedia.org/wiki/World_Series_television_ratings
1989,ABC,16.4,24.55,https://en.wikipedia.org/wiki/World_Series_television_ratings
1990,CBS,20.8,30.24,https://en.wikipedia.org/wiki/World_Series_television_ratings
1991,CBS,24.0,35.68,https://en.wikipedia.org/wiki/World_Series_television_ratings
1992,CBS,20.2,30.01,https://en.wikipedia.org/wiki/World_Series_television_ratings
1993,CBS,17.3,24.7,https://en.wikipedia.org/wiki/World_Series_television_ratings
1995,ABC/NBC,19.5,28.97,https://en.wikipedia.org/wiki/World_Series_television_ratings
1996,Fox,17.4,25.22,https://en.wikipedia.org/wiki/World_Series_television_ratings
1997,NBC,16.7,24.79,https://en.wikipedia.org/wiki/World_Series_television_ratings
1998,Fox,14.1,20.34,https://en.wikipedia.org/wiki/World_Series_television_ratings
1999,NBC,16.0,23.731,https://en.wikipedia.org/wiki/World_Series_television_ratings
2000,Fox,12.4,18.081,https://en.wikipedia.org/wiki/World_Series_television_ratings
2001,Fox,15.7,24.528,https://en.wikipedia.org/wiki/World_Series_television_ratings
2002,Fox,11.9,19.261,https://en.wikipedia.org/wiki/World_Series_television_ratings
2003,Fox,12.8,20.143,https://en.wikipedia.org/wiki/World_Series_television_ratings
2004,Fox,15.8,25.39,https://en.wikipedia.org/wiki/World_Series_television_ratings
2005,Fox,11.1,17.162,https://en.wikipedia.org/wiki/World_Series_television_ratings
2006,Fox,10.1,15.812,https://en.wikipedia.org/wiki/World_Series_television_ratings
2007,Fox,10.6,17.123,https://en.wikipedia.org/wiki/World_Series_television_ratings
2008,Fox,8.4,13.193,https://en.wikipedia.org/wiki/World_Series_television_ratings
2009,Fox,11.7,19.334,https://en.wikipedia.org/wiki/World_Series_television_ratings
2010,Fox,8.4,14.217,https://en.wikipedia.org/wiki/World_Series_television_ratings
2011,Fox,10.0,16.521,https://en.wikipedia.org/wiki/World_Series_television_ratings
2012,Fox,7.6,12.636,https://en.wikipedia.org/wiki/World_Series_television_ratings
2013,Fox,8.9,14.984,https://en.wikipedia.org/wiki/World_Series_television_ratings
2014,Fox,8.2,13.93,https://en.wikipedia.org/wiki/World_Series_television_ratings
2015,Fox,8.6,14.533,https://en.wikipedia.org/wiki/World_Series_television_ratings
2016,Fox,12.9,22.847,https://en.wikipedia.org/wiki/World_Series_television_ratings
2017,Fox,10.7,18.926,https://en.wikipedia.org/wiki/World_Series_television_ratings
2018,Fox,8.3,14.125,https://en.wikipedia.org/wiki/World_Series_television_ratings
2019,Fox,8.1,13.912,https://en.wikipedia.org/wiki/World_Series_television_ratings
2020,Fox,5.2,9.785,https://en.wikipedia.org/wiki/World_Series_television_ratings
2021,Fox,6.5,11.744,https://en.wikipedia.org/wiki/World_Series_television_ratings
2022,Fox,6.108,11.762,https://en.wikipedia.org/wiki/World_Series_television_ratings
2023,Fox,4.7,9.082,https://en.wikipedia.org/wiki/World_Series_television_ratings
2024,Fox,7.3,15.102,https://en.wikipedia.org/wiki/World_Series_television_ratings
2025,Fox,7.2,15.492,https://en.wikipedia.org/wiki/World_Series_television_ratings
