topic,country,fact_es,value,unit,year,source_url,verified
bonus_pool,Global,"Rango de los bonus pools internacionales 2026: máximo por equipo (AZ, BAL, CLE, COL, KC, PIT, STL)",8034900,USD,2026,https://www.mlb.com/news/mlb-international-prospects-signing-day-2026,yes
bonus_pool,Global,"Rango de los bonus pools internacionales 2026: mínimo por equipo (HOU, NYY, NYM, SF)",5440000,USD,2026,https://www.mlb.com/news/mlb-international-prospects-signing-day-2026,yes
academias,Dominican Republic,"Los 30 equipos de MLB tienen academia en R. Dominicana y, con los bonos de firma, inyectan en promedio más de 90 millones de dólares al año a la economía local",90,millones USD/año,2015,https://www.espn.com/blog/onenacion/post/_/id/710/baseball-academies-thrive-in-the-dominican-republic,yes
academias,Dominican Republic,Cada academia de MLB en R. Dominicana tiene en promedio 30 empleados fijos (sin contar jugadores),30,empleados,2015,https://www.espn.com/blog/onenacion/post/_/id/710/baseball-academies-thrive-in-the-dominican-republic,yes
academias,Dominican Republic,"Estudio de impacto económico de 2019: MLB y sus equipos gastan unos 367 millones de dólares al año en el país (academias, bonos de firma y otros gastos)",367,millones USD/año,2019,https://www.globalcapital.com/article/yvxygn7tf5bx/diamonds-in-the-rough-how-baseball-hit-a-home-run-in-latam,search
academias,Venezuela,"Más de 20 equipos de MLB abrieron academias en Venezuela en los años 90; en 2016 solo quedaban 4 (Cubs, Rays, Tigers, Phillies) por la crisis y la inseguridad",4,academias,2016,https://www.publicradioeast.org/world/2016-02-24/why-is-major-league-baseball-closing-its-academies-in-venezuela,yes
cuba,Cuba,El gobierno de Trump canceló en abril de 2019 el acuerdo MLB–Federación Cubana de Béisbol firmado en diciembre de 2018; días antes Cuba había publicado una lista de 34 jugadores habilitados,34,jugadores,2019,https://www.npr.org/2019/04/08/711234347/trump-administration-kills-baseball-deal-with-cuba,yes
limite_extranjeros,Japan,"NPB permite firmar extranjeros sin límite, pero solo 4 pueden estar en el roster activo (máximo 3 lanzadores o 3 bateadores)",4,jugadores,2026,https://japanball.com/articles-features/japanese-baseball-introduction/overview-npb/,yes
patrocinio,Japan,Los ingresos de MLB por patrocinio en Japón crecieron 114% en 2024 (y la venta de ropa y camisetas 183%),114,%,2024,https://boardroom.tv/mlb-tokyo-series-2025-shohei-ohtani-fanatics,yes
ingresos,United States,MLB alcanzó ingresos récord de 12.100 millones de dólares en 2024 (11.600 millones en 2023),12.1,miles de millones USD,2024,https://www.cbssports.com/mlb/news/mlb-reports-record-12-1-billion-in-revenues-for-2024-season/,yes
wbc_2023,Czech Republic,"En el Clásico 2023 la República Checa compitió con un equipo de aficionados (bomberos, maestros, electricistas); el lanzador electricista Ondřej Satoria ponchó a Shohei Ohtani",,,2023,https://www.mlb.com/news/topic/world-baseball-classic-czechia,yes
wbc_2023,Czech Republic,"Unas 840.000 personas vieron los partidos del Clásico por la TV pública checa (ČT), primera transmisión de béisbol en abierto del país",0.84,millones de espectadores,2023,https://en.wikipedia.org/wiki/World_Baseball_Classic_television_ratings,yes
wbc_2026,Italy,"Italia venció a Estados Unidos 8-6 en la fase de grupos (Pool B, Houston, 10 de marzo de 2026)",8,carreras,2026,https://www.mlb.com/news/italy-vs-united-states-in-2026-world-baseball-classic,yes
wbc_2026,Italy,"Italia venció también a Puerto Rico 8-6 en cuartos de final (14 de marzo de 2026), quedó 5-0 y alcanzó su primera semifinal; perdió la semifinal ante Venezuela y terminó cuarta",8,carreras,2026,https://www.news4jax.com/sports/2026/03/14/italys-unbeaten-wbc-run-rolls-on-with-an-8-6-win-over-puerto-rico-and-semifinal-berth/,yes
per_capita,Curaçao,"Curazao (161.000 hab.) lidera el mundo con 25,73 jugadores de MLB por millón de habitantes (2000–2019); EE. UU. tiene 3,07",25.73,jugadores por millón,2019,https://www.upi.com/Sports_News/MLB/2019/04/18/MLB-Data-shows-dramatic-decrease-in-black-players-surge-in-Latin-players/8761555597497/,yes
gasto,United States,"Los Dodgers gastaron un récord de 514,6 millones de dólares en 2025: nómina de 345,3 millones más 169,4 millones de impuesto de lujo, siete veces la nómina de los Marlins (68,7 millones)",514.6,millones USD,2025,https://www.nbcsports.com/mlb/news/the-dodgers-shattered-mlbs-spending-record-at-515-million-in-2025-7-times-the-lowest-payroll,yes
