season,intl_players,total_players,pct_intl,countries,source_url,verified
1995,141,,,,https://www.mlb.com/news/mlb-rosters-feature-251-international-players,yes
2002,,,26.1,,https://www.nbcsportsphiladelphia.com/mlb/foreign-born-players-mlb-lowest-percentage-2002/722971,search
2005,242,829,29.2,,https://www.mlb.com/news/opening-day-rosters-feature-241-players-born-outside-the-us/c-43618468,yes
2006,,813,27.4,,https://www.foxnews.com/sports/non-u-s-born-mlb-players-at-lowest-level-since-2006,yes
2007,246,849,29.0,,https://www.mlb.com/news/opening-day-rosters-feature-243-players-born-outside-of-the-us/c-27953108,yes
2009,229,818,28.0,,https://www.foxnews.com/sports/non-u-s-born-mlb-players-at-lowest-level-since-2006,yes
2010,231,833,27.7,,https://www.foxnews.com/sports/non-u-s-born-mlb-players-at-lowest-level-since-2006,yes
2011,234,846,27.7,14,https://amp.foxsports.com/stories/mlb/27-7-percent-of-mlb-players-are-born-outside-us,yes
2012,243,856,28.4,15,https://www.mlb.com/news/opening-day-rosters-feature-243-players-born-outside-of-the-us/c-27953108,yes
2013,241,856,28.2,15,https://www.mlb.com/news/opening-day-rosters-feature-241-players-born-outside-the-us/c-43618468,yes
2014,224,853,26.3,16,https://www.mlb.com/news/2014-opening-day-rosters-feature-224-players-born-outside-the-us/c-70623418,yes
2015,230,868,26.5,17,https://www.mlb.com/news/opening-day-rosters-feature-230-players-born-outside-the-us/c-116591920,yes
2016,238,864,27.5,18,https://www.mlb.com/press-release/opening-day-rosters-feature-238-players-born-outside-the-u-s-170436708,yes
2017,259,868,29.8,19,https://www.mlb.com/news/opening-day-rosters-feature-record-259-players-born-outside-the-us/c-222084690,yes
2018,254,877,29.0,21,https://www.mlb.com/news/opening-day-rosters-feature-254-players-born-outside-the-us/c-270131918,yes
2019,251,882,28.5,20,https://www.mlb.com/news/mlb-rosters-feature-251-international-players,yes
2020,291,1026,28.1,20,https://www.mlb.com/press-release/press-release-mlb-opening-day-rosters-record-internationally-born-players,yes
2021,256,906,28.3,20,https://www.mlb.com/press-release/press-release-opening-day-rosters-feature-256-internationally-born-players,yes
2022,275,975,28.2,21,https://www.mlb.com/press-release/press-release-opening-day-rosters-feature-275-internationally-born-players,yes
2023,269,945,28.5,19,https://www.mlb.com/press-release/press-release-opening-day-rosters-feature-269-internationally-born-players,yes
2024,264,949,27.8,19,https://www.mlb.com/press-release/press-release-opening-day-rosters-feature-264-internationally-born-players,yes
2025,265,954,27.8,18,https://www.mlb.com/press-release/press-release-opening-day-rosters-feature-265-internationally-born-players,yes
2026,249,948,26.3,16,https://www.mlb.com/press-release/press-release-opening-day-rosters-feature-249-internationally-born-players,yes
