country,players,source_url,verified
Dominican Republic,93,https://www.mlb.com/press-release/press-release-opening-day-rosters-feature-249-internationally-born-players,yes
Venezuela,60,https://www.mlb.com/press-release/press-release-opening-day-rosters-feature-249-internationally-born-players,yes
Cuba,20,https://www.mlb.com/press-release/press-release-opening-day-rosters-feature-249-internationally-born-players,yes
Canada,19,https://www.mlb.com/press-release/press-release-opening-day-rosters-feature-249-internationally-born-players,yes
Japan,14,https://www.mlb.com/press-release/press-release-opening-day-rosters-feature-249-internationally-born-players,yes
Puerto Rico,14,https://www.mlb.com/press-release/press-release-opening-day-rosters-feature-249-internationally-born-players,yes
Mexico,7,https://www.mlb.com/press-release/press-release-opening-day-rosters-feature-249-internationally-born-players,yes
Curaçao,4,https://www.mlb.com/press-release/press-release-opening-day-rosters-feature-249-internationally-born-players,yes
Panama,4,https://www.mlb.com/press-release/press-release-opening-day-rosters-feature-249-internationally-born-players,yes
Colombia,3,https://www.mlb.com/press-release/press-release-opening-day-rosters-feature-249-internationally-born-players,yes
South Korea,3,https://www.mlb.com/press-release/press-release-opening-day-rosters-feature-249-internationally-born-players,yes
Aruba,1,https://www.mlb.com/press-release/press-release-opening-day-rosters-feature-249-internationally-born-players,yes
Bahamas,1,https://www.mlb.com/press-release/press-release-opening-day-rosters-feature-249-internationally-born-players,yes
Honduras,1,https://www.mlb.com/press-release/press-release-opening-day-rosters-feature-249-internationally-born-players,yes
Nicaragua,1,https://www.mlb.com/press-release/press-release-opening-day-rosters-feature-249-internationally-born-players,yes
Taiwan,1,https://www.mlb.com/press-release/press-release-opening-day-rosters-feature-249-internationally-born-players,yes
