rank,country,points,continent,date,source_url,verified
1,Japan,6306,Asia,2026-09-15,https://www.wbsc.org/en/rankings,yes
2,Chinese Taipei,5355,Asia,2026-09-15,https://www.wbsc.org/en/rankings,yes
3,United States,4293,América,2026-09-15,https://www.wbsc.org/en/rankings,yes
4,South Korea,4258,Asia,2026-09-15,https://www.wbsc.org/en/rankings,yes
5,Venezuela,3918,América,2026-09-15,https://www.wbsc.org/en/rankings,yes
6,Puerto Rico,3424,América,2026-09-15,https://www.wbsc.org/en/rankings,yes
7,Mexico,3147,América,2026-09-15,https://www.wbsc.org/en/rankings,yes
8,Panama,2944,América,2026-09-15,https://www.wbsc.org/en/rankings,yes
9,Australia,2425,Oceanía,2026-09-15,https://www.wbsc.org/en/rankings,yes
10,Dominican Republic,2370,América,2026-09-15,https://www.wbsc.org/en/rankings,yes
11,Netherlands,2351,Europa,2026-09-15,https://www.wbsc.org/en/rankings,yes
12,Cuba,2299,América,2026-09-15,https://www.wbsc.org/en/rankings,yes
13,Colombia,2044,América,2026-09-15,https://www.wbsc.org/en/rankings,yes
14,Italy,1713,Europa,2026-09-15,https://www.wbsc.org/en/rankings,yes
15,Nicaragua,1421,América,2026-09-15,https://www.wbsc.org/en/rankings,yes
16,Czech Republic,1251,Europa,2026-09-15,https://www.wbsc.org/en/rankings,yes
17,Germany,993,Europa,2026-09-15,https://www.wbsc.org/en/rankings,yes
18,China,894,Asia,2026-09-15,https://www.wbsc.org/en/rankings,yes
19,Canada,886,América,2026-09-15,https://www.wbsc.org/en/rankings,yes
20,Great Britain,862,Europa,2026-09-15,https://www.wbsc.org/en/rankings,yes
21,Brazil,693,América,2026-09-15,https://www.wbsc.org/en/rankings,yes
22,Israel,692,Europa,2026-09-15,https://www.wbsc.org/en/rankings,yes
23,South Africa,479,África,2026-09-15,https://www.wbsc.org/en/rankings,yes
24,Philippines,465,Asia,2026-09-15,https://www.wbsc.org/en/rankings,yes
25,France,381,Europa,2026-09-15,https://www.wbsc.org/en/rankings,yes
26,Spain,380,Europa,2026-09-15,https://www.wbsc.org/en/rankings,yes
27,Hong Kong,276,Asia,2026-09-15,https://www.wbsc.org/en/rankings,yes
28,Austria,266,Europa,2026-09-15,https://www.wbsc.org/en/rankings,yes
29,Belgium,235,Europa,2026-09-15,https://www.wbsc.org/en/rankings,yes
30,Thailand,208,Asia,2026-09-15,https://www.wbsc.org/en/rankings,yes
